ID,true_class,P_failed,P_amorphous,P_crystalline,predicted_class,variant
1,1,0.4546639741575079,0.14675146235450023,0.3985845634879918,0,10.12.0-audited-deleaked
8,0,0.23133113392633597,0.1747853440757383,0.5938835219979257,2,10.12.0-audited-deleaked
11,1,0.030031050475223347,0.6828775463870387,0.287091403137738,1,10.12.0-audited-deleaked
12,1,0.18526624593790533,0.22294824548118808,0.5917855085809065,2,10.12.0-audited-deleaked
13,0,0.047619634873513686,0.4234445574610908,0.5289358076653956,2,10.12.0-audited-deleaked
31,0,0.22221570829215562,0.39820745384339656,0.37957683786444774,1,10.12.0-audited-deleaked
32,0,0.19213360048538808,0.3710637538751384,0.43680264563947346,2,10.12.0-audited-deleaked
33,1,0.07028915704001501,0.396247424423345,0.5334634185366401,2,10.12.0-audited-deleaked
34,1,0.05458663856498419,0.5509015783437917,0.39451178309122403,1,10.12.0-audited-deleaked
36,1,0.05727354560661854,0.5346659637215382,0.4080604906718433,1,10.12.0-audited-deleaked
39,1,0.17555286398785142,0.6389821211004542,0.18546501491169443,1,10.12.0-audited-deleaked
40,1,0.1979431438822995,0.6037273895484963,0.1983294665692042,1,10.12.0-audited-deleaked
43,1,0.16850850717873633,0.6224432571122528,0.20904823570901082,1,10.12.0-audited-deleaked
51,1,0.10983986696386952,0.34865660223433137,0.5415035308017991,2,10.12.0-audited-deleaked
59,1,0.14036554950978247,0.6230496648689249,0.23658478562129268,1,10.12.0-audited-deleaked
61,1,0.17901468494780898,0.5876098473881086,0.2333754676640823,1,10.12.0-audited-deleaked
62,1,0.14907624329179459,0.5657918915447653,0.28513186516344,1,10.12.0-audited-deleaked
63,1,0.13402283124168946,0.6379552040365348,0.22802196472177563,1,10.12.0-audited-deleaked
64,1,0.1768320598245668,0.5622159101306854,0.2609520300447478,1,10.12.0-audited-deleaked
65,1,0.1339342891796607,0.6347467518741007,0.2313189589462385,1,10.12.0-audited-deleaked
66,1,0.16341718886651022,0.5836871609164896,0.2528956502170001,1,10.12.0-audited-deleaked
68,1,0.10457201429897642,0.6032277647372966,0.2922002209637269,1,10.12.0-audited-deleaked
76,2,0.2007393455492367,0.1254732449063699,0.6737874095443933,2,10.12.0-audited-deleaked
77,1,0.28928838364745363,0.15102001984049923,0.559691596512047,2,10.12.0-audited-deleaked
78,1,0.16201502846606894,0.16864942657143595,0.6693355449624951,2,10.12.0-audited-deleaked
82,1,0.3302227044920368,0.17768519152325746,0.4920921039847057,2,10.12.0-audited-deleaked
83,1,0.24326716167088241,0.3330836576376395,0.423649180691478,2,10.12.0-audited-deleaked
84,1,0.25432980821252527,0.39497876364283063,0.35069142814464394,1,10.12.0-audited-deleaked
85,1,0.18647322126165605,0.4655029488699446,0.34802382986839925,1,10.12.0-audited-deleaked
90,1,0.2718612855392498,0.4336882583500689,0.2944504561106813,1,10.12.0-audited-deleaked
94,1,0.18566929046837183,0.40679606720917805,0.40753464232245007,2,10.12.0-audited-deleaked
95,1,0.07735896715272882,0.40250379117088286,0.5201372416763882,2,10.12.0-audited-deleaked
96,1,0.09871909293432875,0.47256865664063863,0.42871225042503247,1,10.12.0-audited-deleaked
97,1,0.12111618787233677,0.45694620748934917,0.42193760463831403,1,10.12.0-audited-deleaked
98,1,0.13467635175395096,0.4046081132436143,0.4607155350024347,2,10.12.0-audited-deleaked
100,1,0.1482902285326706,0.39171216006885234,0.45999761139847695,2,10.12.0-audited-deleaked
101,1,0.05654929246632479,0.2649136153935827,0.6785370921400924,2,10.12.0-audited-deleaked
109,1,0.22093276195897973,0.311528559006045,0.46753867903497537,2,10.12.0-audited-deleaked
110,1,0.12245760327167346,0.28817411237727203,0.5893682843510545,2,10.12.0-audited-deleaked
111,1,0.09973752579976286,0.2635814765501355,0.6366809976501017,2,10.12.0-audited-deleaked
112,1,0.23386306184755712,0.27465199213413005,0.4914849460183127,2,10.12.0-audited-deleaked
113,1,0.11962652207793395,0.296641397496466,0.5837320804256,2,10.12.0-audited-deleaked
114,1,0.119736764946667,0.2800976974476356,0.6001655376056975,2,10.12.0-audited-deleaked
115,1,0.07606682837894338,0.33363319664302027,0.5902999749780363,2,10.12.0-audited-deleaked
122,2,0.05493705010892017,0.2999284359459063,0.6451345139451735,2,10.12.0-audited-deleaked
123,1,0.0929994698447537,0.29151456691179767,0.6154859632434484,2,10.12.0-audited-deleaked
124,1,0.10838422358465481,0.24766820779768062,0.6439475686176644,2,10.12.0-audited-deleaked
129,1,0.06302969877207747,0.7129522920545953,0.22401800917332718,1,10.12.0-audited-deleaked
131,1,0.044991026839298266,0.6951230159692423,0.25988595719145946,1,10.12.0-audited-deleaked
137,2,0.08148485444581419,0.20919147750159245,0.7093236680525934,2,10.12.0-audited-deleaked
163,0,0.04125391594520264,0.16258608666081964,0.7961599973939776,2,10.12.0-audited-deleaked
164,2,0.044518076646129265,0.2403749312540821,0.7151069920997886,2,10.12.0-audited-deleaked
166,1,0.23809307237291086,0.17858331707157477,0.5833236105555144,2,10.12.0-audited-deleaked
170,2,0.0708920522134591,0.15498256530153096,0.77412538248501,2,10.12.0-audited-deleaked
173,1,0.14891617771207316,0.20680503557956328,0.6442787867083635,2,10.12.0-audited-deleaked
175,2,0.12097711867743045,0.14359154778028327,0.7354313335422862,2,10.12.0-audited-deleaked
176,1,0.09885996327458153,0.29999290486242525,0.6011471318629931,2,10.12.0-audited-deleaked
177,2,0.05404384411430161,0.1900312490814643,0.755924906804234,2,10.12.0-audited-deleaked
179,1,0.26203638685081393,0.17442302097031084,0.5635405921788752,2,10.12.0-audited-deleaked
181,2,0.03317904817006688,0.2108456077749499,0.755975344054983,2,10.12.0-audited-deleaked
182,2,0.06044789888227436,0.22112630642640124,0.7184257946913243,2,10.12.0-audited-deleaked
188,1,0.40909732414503874,0.457129585204582,0.1337730906503792,1,10.12.0-audited-deleaked
189,1,0.19505918833584612,0.6782570210355301,0.12668379062862375,1,10.12.0-audited-deleaked
190,1,0.20100566695303373,0.6379726835678216,0.16102164947914457,1,10.12.0-audited-deleaked
191,1,0.1837596892274682,0.6296172504341926,0.1866230603383392,1,10.12.0-audited-deleaked
195,2,0.26912392004745544,0.2520316112684223,0.4788444686841222,2,10.12.0-audited-deleaked
223,0,0.05114802399582831,0.3492284048316541,0.5996235711725175,2,10.12.0-audited-deleaked
224,2,0.03839016119811435,0.27931068612078197,0.6822991526811036,2,10.12.0-audited-deleaked
229,1,0.08290253631535217,0.13798735537153584,0.779110108313112,2,10.12.0-audited-deleaked
230,1,0.045180773896107425,0.2311251824520461,0.7236940436518464,2,10.12.0-audited-deleaked
231,1,0.05396804368039902,0.15615041746094155,0.7898815388586593,2,10.12.0-audited-deleaked
244,1,0.05773399641788006,0.19736908822530605,0.7448969153568139,2,10.12.0-audited-deleaked
245,1,0.02969414224399365,0.4222432740371576,0.5480625837188486,2,10.12.0-audited-deleaked
254,1,0.0583355633721588,0.48074695265903217,0.46091748396880905,1,10.12.0-audited-deleaked
264,1,0.08866102124478628,0.5460455935698209,0.3652933851853929,1,10.12.0-audited-deleaked
271,1,0.21720336860669687,0.23650704628086555,0.5462895851124375,2,10.12.0-audited-deleaked
279,1,0.4584653107781362,0.24800765320166585,0.29352703602019786,0,10.12.0-audited-deleaked
284,2,0.055563415631529695,0.17677614546149656,0.7676604389069738,2,10.12.0-audited-deleaked
285,1,0.028331659811902388,0.10386684064107148,0.867801499547026,2,10.12.0-audited-deleaked
286,2,0.06077968033142479,0.2563992017207197,0.6828211179478554,2,10.12.0-audited-deleaked
287,1,0.07964514398100599,0.17839984373791695,0.741955012281077,2,10.12.0-audited-deleaked
288,2,0.08241411088226364,0.2502774922013305,0.6673083969164058,2,10.12.0-audited-deleaked
289,1,0.031233972417161627,0.12817807765815256,0.8405879499246858,2,10.12.0-audited-deleaked
292,1,0.046656454696275225,0.6289354727576314,0.32440807254609333,1,10.12.0-audited-deleaked
293,1,0.06071886292668194,0.6375266178416491,0.3017545192316688,1,10.12.0-audited-deleaked
295,1,0.03025129227933692,0.6408335061128132,0.3289152016078498,1,10.12.0-audited-deleaked
297,1,0.02510963162017171,0.257507453012496,0.7173829153673322,2,10.12.0-audited-deleaked
298,1,0.009007698529368297,0.12188235385945093,0.8691099476111808,2,10.12.0-audited-deleaked
300,1,0.02052427112705895,0.13003493884820694,0.8494407900247342,2,10.12.0-audited-deleaked
302,1,0.019266232462978584,0.11491328978298965,0.8658204777540317,2,10.12.0-audited-deleaked
305,1,0.06454280235597348,0.19911399144644215,0.7363432061975843,2,10.12.0-audited-deleaked
309,1,0.06920889480555484,0.5923523022814771,0.338438802912968,1,10.12.0-audited-deleaked
310,1,0.08624462394128346,0.6041864211231167,0.3095689549355998,1,10.12.0-audited-deleaked
324,1,0.1190416206428056,0.7425093952122638,0.13844898414493062,1,10.12.0-audited-deleaked
325,1,0.09845899041597045,0.724729805569038,0.17681120401499154,1,10.12.0-audited-deleaked
326,1,0.10225010730508935,0.08271170945243053,0.8150381832424799,2,10.12.0-audited-deleaked
331,1,0.21158160148684435,0.6832543182029132,0.10516408031024257,1,10.12.0-audited-deleaked
339,1,0.04445107547248985,0.42790316262228184,0.5276457619052283,2,10.12.0-audited-deleaked
340,1,0.032392167508780496,0.5399375152885861,0.4276703172026333,1,10.12.0-audited-deleaked
348,1,0.19123785385018283,0.2570282639142823,0.5517338822355349,2,10.12.0-audited-deleaked
362,1,0.01433964563256899,0.7018394073688043,0.2838209469986266,1,10.12.0-audited-deleaked
369,2,0.013943027473169332,0.7840321597776609,0.20202481274916967,1,10.12.0-audited-deleaked
371,2,0.013953782689810564,0.783243727736483,0.20280248957370636,1,10.12.0-audited-deleaked
372,1,0.025522702098380194,0.6174115681801066,0.35706572972151324,1,10.12.0-audited-deleaked
374,2,0.09376253253588332,0.3486377082388363,0.5575997592252804,2,10.12.0-audited-deleaked
378,1,0.09307469987572164,0.3392286142404607,0.5676966858838176,2,10.12.0-audited-deleaked
379,2,0.025876389168784392,0.66931778175507,0.3048058290761456,1,10.12.0-audited-deleaked
380,2,0.01834096359948338,0.7841278754595444,0.19753116094097212,1,10.12.0-audited-deleaked
381,1,0.01833893994823981,0.7837314579794328,0.19792960207232738,1,10.12.0-audited-deleaked
382,2,0.08990049645867276,0.370721270750615,0.5393782327907121,2,10.12.0-audited-deleaked
383,1,0.012617106153711158,0.7633714862153831,0.22401140763090566,1,10.12.0-audited-deleaked
384,1,0.05821358371418948,0.803845054934025,0.13794136135178547,1,10.12.0-audited-deleaked
385,1,0.0250355926178329,0.7672872889716992,0.20767711841046782,1,10.12.0-audited-deleaked
386,2,0.02836078612052452,0.7186395481844884,0.2529996656949872,1,10.12.0-audited-deleaked
387,2,0.022072211875980387,0.8527430887887446,0.125184699335275,1,10.12.0-audited-deleaked
388,2,0.02505798365901277,0.7342793517368074,0.24066266460417968,1,10.12.0-audited-deleaked
389,1,0.008466321870353026,0.7950872129537505,0.19644646517589648,1,10.12.0-audited-deleaked
390,1,0.050518984864400915,0.6716853651370888,0.27779564999851025,1,10.12.0-audited-deleaked
391,1,0.014041011053144906,0.7550747133974764,0.23088427554937857,1,10.12.0-audited-deleaked
392,1,0.019852000681173057,0.752450400517114,0.22769759880171286,1,10.12.0-audited-deleaked
393,1,0.014001222841981043,0.7483907695923094,0.23760800756570946,1,10.12.0-audited-deleaked
395,1,0.014041011053144906,0.7550747133974764,0.23088427554937857,1,10.12.0-audited-deleaked
396,1,0.016756488930437248,0.8605224067634736,0.12272110430608907,1,10.12.0-audited-deleaked
397,1,0.02846930066735181,0.7600553136653638,0.21147538566728424,1,10.12.0-audited-deleaked
398,1,0.08972285143028462,0.684415051897011,0.22586209667270418,1,10.12.0-audited-deleaked
399,1,0.09657158711878841,0.7094612168640009,0.1939671960172107,1,10.12.0-audited-deleaked
400,1,0.09658008907161422,0.7088726723423454,0.19454723858604037,1,10.12.0-audited-deleaked
401,2,0.014298350292399795,0.04875486405331396,0.9369467856542861,2,10.12.0-audited-deleaked
403,2,0.01142837642714902,0.06271833057857679,0.9258532929942742,2,10.12.0-audited-deleaked
405,2,0.011932769138551248,0.06783164290808054,0.9202355879533682,2,10.12.0-audited-deleaked
406,2,0.012162503490181746,0.0683337630657008,0.9195037334441174,2,10.12.0-audited-deleaked
407,2,0.02880067263965058,0.0359337780254847,0.9352655493348646,2,10.12.0-audited-deleaked
408,2,0.03183872594713308,0.03125207290769589,0.936909201145171,2,10.12.0-audited-deleaked
409,2,0.01892163402060578,0.08785097132984379,0.8932273946495504,2,10.12.0-audited-deleaked
410,2,0.023877894819985142,0.06603622914909879,0.910085876030916,2,10.12.0-audited-deleaked
411,2,0.009591031410060947,0.03682619431834522,0.9535827742715939,2,10.12.0-audited-deleaked
412,2,0.009473020307143648,0.03818095229237619,0.95234602740048,2,10.12.0-audited-deleaked
413,2,0.01243913835713568,0.029255837708317713,0.9583050239345465,2,10.12.0-audited-deleaked
416,2,0.009326378858037263,0.05103238752607634,0.9396412336158864,2,10.12.0-audited-deleaked
417,2,0.0176740709680147,0.028486754338476413,0.9538391746935089,2,10.12.0-audited-deleaked
418,2,0.013331459797075479,0.02746580097635347,0.959202739226571,2,10.12.0-audited-deleaked
419,2,0.012494697067378104,0.045842399007206894,0.941662903925415,2,10.12.0-audited-deleaked
420,2,0.012232466180654097,0.04074092292345029,0.9470266108958956,2,10.12.0-audited-deleaked
421,2,0.013596828400059206,0.04411658955536958,0.9422865820445713,2,10.12.0-audited-deleaked
422,2,0.01794352368638257,0.03873321379183896,0.9433232625217784,2,10.12.0-audited-deleaked
423,2,0.01367685651159675,0.030682485400318794,0.9556406580880843,2,10.12.0-audited-deleaked
424,2,0.013865248094758269,0.07141981364313901,0.9147149382621027,2,10.12.0-audited-deleaked
425,2,0.026362692466392224,0.0874216299407984,0.8862156775928093,2,10.12.0-audited-deleaked
426,2,0.027470707557490016,0.043833231159295896,0.928696061283214,2,10.12.0-audited-deleaked
429,2,0.013597524275298017,0.06481914881129833,0.9215833269134035,2,10.12.0-audited-deleaked
430,2,0.021479873025916276,0.06194394145881095,0.9165761855152728,2,10.12.0-audited-deleaked
435,2,0.01920778985176443,0.04825348299356988,0.9325387271546657,2,10.12.0-audited-deleaked
436,2,0.02149004241633752,0.04700706191941967,0.9315028956642428,2,10.12.0-audited-deleaked
437,2,0.03556806137792752,0.052400456015828996,0.9120314826062433,2,10.12.0-audited-deleaked
438,2,0.007713663977112321,0.06047320110841168,0.931813134914476,2,10.12.0-audited-deleaked
439,2,0.012296493116004755,0.07224658249830741,0.9154569243856878,2,10.12.0-audited-deleaked
440,2,0.014066652769587584,0.06615443698246262,0.9197789102479497,2,10.12.0-audited-deleaked
441,2,0.015936299232706397,0.12897670556860624,0.8550869951986872,2,10.12.0-audited-deleaked
442,2,0.020363065704827123,0.07046218965481789,0.909174744640355,2,10.12.0-audited-deleaked
443,2,0.013613830317962585,0.08241006637197804,0.9039761033100594,2,10.12.0-audited-deleaked
444,2,0.020671806865147645,0.08451870925868238,0.89480948387617,2,10.12.0-audited-deleaked
445,2,0.02309769463555305,0.04448199327878903,0.9324203120856579,2,10.12.0-audited-deleaked
446,2,0.029980587722305406,0.04535295127306058,0.9246664610046339,2,10.12.0-audited-deleaked
447,2,0.014685051474913384,0.026588558002967257,0.9587263905221193,2,10.12.0-audited-deleaked
448,2,0.028871289733363927,0.049206479653751765,0.9219222306128843,2,10.12.0-audited-deleaked
449,2,0.0165959274158516,0.039897273007588385,0.94350679957656,2,10.12.0-audited-deleaked
450,2,0.01239417385334934,0.027088739689393074,0.9605170864572576,2,10.12.0-audited-deleaked
451,2,0.0261556413775261,0.05135834240603099,0.9224860162164428,2,10.12.0-audited-deleaked
452,2,0.015767242052900456,0.10256386431545611,0.8816688936316434,2,10.12.0-audited-deleaked
456,2,0.010043146775401749,0.05524124813557632,0.934715605089022,2,10.12.0-audited-deleaked
457,2,0.010230935444563445,0.05423631309550818,0.9355327514599284,2,10.12.0-audited-deleaked
458,2,0.010828454912193676,0.05672730771722062,0.9324442373705857,2,10.12.0-audited-deleaked
459,2,0.025575283678850022,0.08792503848315597,0.8864996778379939,2,10.12.0-audited-deleaked
460,2,0.05072047339699818,0.1889828343136251,0.7602966922893768,2,10.12.0-audited-deleaked
461,2,0.07317109728565706,0.11407599951039633,0.8127529032039467,2,10.12.0-audited-deleaked
462,2,0.027350159722486854,0.09762429560877409,0.875025544668739,2,10.12.0-audited-deleaked
464,2,0.02786438316379159,0.09992894173558234,0.8722066751006261,2,10.12.0-audited-deleaked
465,2,0.01705295465525882,0.03594207479733255,0.9470049705474086,2,10.12.0-audited-deleaked
466,2,0.04116584927837062,0.044541412332808145,0.9142927383888213,2,10.12.0-audited-deleaked
468,2,0.05068888092461715,0.04994286189329958,0.8993682571820831,2,10.12.0-audited-deleaked
470,2,0.04994274748688421,0.056741901071536274,0.8933153514415795,2,10.12.0-audited-deleaked
471,2,0.017715104734037306,0.050742449307138116,0.9315424459588244,2,10.12.0-audited-deleaked
473,2,0.03735735501674098,0.06019992484468433,0.9024427201385746,2,10.12.0-audited-deleaked
474,2,0.028295919282129482,0.0822800069058306,0.8894240738120398,2,10.12.0-audited-deleaked
475,2,0.028247385589128305,0.09244633408383081,0.8793062803270408,2,10.12.0-audited-deleaked
477,2,0.02092727323189753,0.0776043278618904,0.901468398906212,2,10.12.0-audited-deleaked
479,2,0.04109623633606499,0.06334765264970639,0.8955561110142285,2,10.12.0-audited-deleaked
480,2,0.017061339977620694,0.02768391129566662,0.9552547487267126,2,10.12.0-audited-deleaked
481,2,0.02333278793802411,0.0647714308149065,0.9118957812470692,2,10.12.0-audited-deleaked
482,2,0.015380765352265027,0.04683652217550417,0.9377827124722307,2,10.12.0-audited-deleaked
483,2,0.020143715422470034,0.0961441273375476,0.8837121572399822,2,10.12.0-audited-deleaked
484,2,0.023775457137519475,0.06578420273610715,0.9104403401263734,2,10.12.0-audited-deleaked
485,2,0.032838635119176215,0.15853463014867264,0.8086267347321512,2,10.12.0-audited-deleaked
486,2,0.013320953300259765,0.06827075482383059,0.9184082918759096,2,10.12.0-audited-deleaked
487,2,0.019566151506706028,0.06595036792624004,0.9144834805670539,2,10.12.0-audited-deleaked
488,2,0.012066141351660602,0.0771859395184092,0.9107479191299301,2,10.12.0-audited-deleaked
489,2,0.08050367857351895,0.09827894544947079,0.8212173759770103,2,10.12.0-audited-deleaked
490,2,0.04681341106176534,0.1701245340554078,0.7830620548828268,2,10.12.0-audited-deleaked
491,2,0.025480457802181066,0.08906436566982256,0.8854551765279963,2,10.12.0-audited-deleaked
494,2,0.009449335905461953,0.10407220396887851,0.8864784601256595,2,10.12.0-audited-deleaked
500,2,0.04707936501784382,0.04202948931382861,0.9108911456683275,2,10.12.0-audited-deleaked
501,2,0.009170933287120714,0.05949730134992921,0.93133176536295,2,10.12.0-audited-deleaked
502,2,0.0207120977527289,0.04290927260312827,0.9363786296441428,2,10.12.0-audited-deleaked
503,2,0.00922237936371055,0.06029376653045732,0.930483854105832,2,10.12.0-audited-deleaked
504,2,0.018583619652169456,0.04665958539099667,0.9347567949568337,2,10.12.0-audited-deleaked
505,2,0.03931641248243656,0.16272961535444092,0.7979539721631225,2,10.12.0-audited-deleaked
507,2,0.012123673331025115,0.07122503812538879,0.916651288543586,2,10.12.0-audited-deleaked
508,2,0.01719458603733581,0.06181874149721689,0.9209866724654472,2,10.12.0-audited-deleaked
509,2,0.015387901514103217,0.0993256022083239,0.8852864962775728,2,10.12.0-audited-deleaked
510,2,0.013814088785111216,0.09847317861378643,0.8877127326011023,2,10.12.0-audited-deleaked
511,2,0.06029464277378775,0.15202801369531108,0.7876773435309011,2,10.12.0-audited-deleaked
512,2,0.03503382931319857,0.08303175638582153,0.8819344143009797,2,10.12.0-audited-deleaked
513,2,0.0498264333130541,0.08566936562493736,0.8645042010620085,2,10.12.0-audited-deleaked
514,2,0.02621108766003907,0.06325874212531173,0.9105301702146492,2,10.12.0-audited-deleaked
515,2,0.03905630120006762,0.08197486029022703,0.8789688385097052,2,10.12.0-audited-deleaked
516,2,0.019341303074493943,0.04721788764479286,0.9334408092807132,2,10.12.0-audited-deleaked
518,2,0.045787904919061054,0.09277502487016238,0.8614370702107765,2,10.12.0-audited-deleaked
519,2,0.02034294771512958,0.19907344984526942,0.7805836024396009,2,10.12.0-audited-deleaked
520,2,0.015847978731234502,0.09982617142245098,0.8843258498463143,2,10.12.0-audited-deleaked
521,2,0.00719371995627143,0.0574177519235402,0.9353885281201885,2,10.12.0-audited-deleaked
522,2,0.07188358584664047,0.04185636828993747,0.886260045863422,2,10.12.0-audited-deleaked
524,2,0.016769773461775515,0.03607294456563016,0.9471572819725942,2,10.12.0-audited-deleaked
525,2,0.015363618324044068,0.026318394785545603,0.9583179868904103,2,10.12.0-audited-deleaked
526,2,0.01927986289021921,0.047480002629942585,0.9332401344798382,2,10.12.0-audited-deleaked
527,2,0.02474858589708446,0.04964259722651396,0.9256088168764015,2,10.12.0-audited-deleaked
528,2,0.03937759023746317,0.027174328915534528,0.9334480808470023,2,10.12.0-audited-deleaked
529,2,0.021485583260150494,0.06770853734962395,0.9108058793902255,2,10.12.0-audited-deleaked
530,2,0.010807762757089934,0.031938484588365755,0.9572537526545443,2,10.12.0-audited-deleaked
531,2,0.016963684857246003,0.0357114997301338,0.9473248154126201,2,10.12.0-audited-deleaked
532,2,0.02272287056651875,0.026115887909167662,0.9511612415243135,2,10.12.0-audited-deleaked
534,2,0.08860442430063728,0.05399700214136655,0.8573985735579961,2,10.12.0-audited-deleaked
535,2,0.03398873606610288,0.03463268131757058,0.9313785826163266,2,10.12.0-audited-deleaked
536,2,0.00940305322576957,0.06057046068242582,0.9300264860918045,2,10.12.0-audited-deleaked
537,2,0.01576343109654369,0.061981673446795976,0.9222548954566603,2,10.12.0-audited-deleaked
539,2,0.006049620209992572,0.03498279811579193,0.9589675816742156,2,10.12.0-audited-deleaked
540,2,0.07720224889834001,0.04421413176496556,0.8785836193366944,2,10.12.0-audited-deleaked
542,2,0.011742105149663265,0.07449803436889092,0.9137598604814459,2,10.12.0-audited-deleaked
543,2,0.015525980198012119,0.023657845168142382,0.9608161746338453,2,10.12.0-audited-deleaked
544,2,0.03755639293149947,0.040972273386882745,0.9214713336816178,2,10.12.0-audited-deleaked
545,2,0.03630986478133206,0.14057230721785663,0.8231178280008112,2,10.12.0-audited-deleaked
546,2,0.01913833480205379,0.03075535258459091,0.9501063126133553,2,10.12.0-audited-deleaked
547,2,0.006639118867564717,0.0809090995294735,0.9124517816029618,2,10.12.0-audited-deleaked
548,2,0.01872308356735591,0.03884074821571916,0.942436168216925,2,10.12.0-audited-deleaked
549,2,0.02597324007345958,0.06239476736001626,0.9116319925665242,2,10.12.0-audited-deleaked
550,2,0.00791041590873043,0.03314022053792555,0.958949363553344,2,10.12.0-audited-deleaked
552,2,0.06091226633016042,0.040080940360855195,0.8990067933089843,2,10.12.0-audited-deleaked
553,2,0.011748523406747256,0.0685345676411424,0.9197169089521102,2,10.12.0-audited-deleaked
554,2,0.012022693944193072,0.04449194643734459,0.9434853596184622,2,10.12.0-audited-deleaked
555,2,0.010662361913711052,0.05708626316854655,0.9322513749177423,2,10.12.0-audited-deleaked
557,2,0.041658429360157886,0.03693031613082498,0.9214112545090172,2,10.12.0-audited-deleaked
558,2,0.05001250016821468,0.04584331091489419,0.904144188916891,2,10.12.0-audited-deleaked
560,2,0.01946782377155564,0.037227391493709454,0.943304784734735,2,10.12.0-audited-deleaked
561,2,0.009988183686612528,0.055512546182315436,0.9344992701310721,2,10.12.0-audited-deleaked
562,2,0.03811896592354967,0.0779635683293713,0.883917465747079,2,10.12.0-audited-deleaked
563,2,0.021042468693640744,0.05962919247544886,0.9193283388309104,2,10.12.0-audited-deleaked
564,2,0.03754553875312248,0.032930235816597785,0.9295242254302797,2,10.12.0-audited-deleaked
565,2,0.017701366582423984,0.07309936852906088,0.9091992648885152,2,10.12.0-audited-deleaked
566,2,0.012974816679530073,0.05161399048570403,0.9354111928347659,2,10.12.0-audited-deleaked
567,2,0.03049537669498004,0.041834383032893316,0.9276702402721265,2,10.12.0-audited-deleaked
568,2,0.00888681569212179,0.030290514973589963,0.9608226693342881,2,10.12.0-audited-deleaked
570,2,0.03443580740145602,0.07297704188462323,0.8925871507139207,2,10.12.0-audited-deleaked
571,2,0.0346013077795673,0.049868917740382435,0.9155297744800501,2,10.12.0-audited-deleaked
572,2,0.011933689057668274,0.043538980183653944,0.9445273307586777,2,10.12.0-audited-deleaked
573,2,0.02030310553617365,0.024388843451852674,0.9553080510119736,2,10.12.0-audited-deleaked
575,2,0.020115465741459476,0.04096466183595004,0.9389198724225902,2,10.12.0-audited-deleaked
576,2,0.10641139992384106,0.042571036194165995,0.8510175638819929,2,10.12.0-audited-deleaked
578,2,0.026607878898768623,0.07666076002166355,0.8967313610795677,2,10.12.0-audited-deleaked
579,2,0.012571348826245391,0.02918697436662039,0.9582416768071342,2,10.12.0-audited-deleaked
580,2,0.023843889059097546,0.049049258429579544,0.9271068525113229,2,10.12.0-audited-deleaked
581,2,0.025636921267039765,0.07986626601422901,0.8944968127187312,2,10.12.0-audited-deleaked
582,2,0.023860436726213408,0.039776914092442994,0.9363626491813435,2,10.12.0-audited-deleaked
583,2,0.006430190639065523,0.05104955186059977,0.9425202575003346,2,10.12.0-audited-deleaked
584,2,0.010924870246102027,0.10985199328652138,0.8792231364673766,2,10.12.0-audited-deleaked
585,2,0.020667507827534626,0.03706861931348695,0.9422638728589785,2,10.12.0-audited-deleaked
586,2,0.006825068309915593,0.061892737995693,0.9312821936943914,2,10.12.0-audited-deleaked
588,2,0.0891421250385723,0.049204697161830124,0.8616531777995975,2,10.12.0-audited-deleaked
589,2,0.02640294896996629,0.03794177127947203,0.9356552797505616,2,10.12.0-audited-deleaked
590,2,0.011541635010367868,0.03215362400820299,0.9563047409814291,2,10.12.0-audited-deleaked
591,2,0.009954770703852908,0.03045859461474551,0.9595866346814015,2,10.12.0-audited-deleaked
593,2,0.006869702120234143,0.07580170225000793,0.9173285956297579,2,10.12.0-audited-deleaked
594,2,0.041651678084709085,0.04702412514817256,0.9113241967671182,2,10.12.0-audited-deleaked
596,2,0.018225308052088305,0.03352044062316941,0.9482542513247423,2,10.12.0-audited-deleaked
597,2,0.01801396981876885,0.06972296217967325,0.9122630680015578,2,10.12.0-audited-deleaked
598,2,0.03432037957849761,0.10176577549641608,0.8639138449250863,2,10.12.0-audited-deleaked
599,2,0.02096857921344962,0.07349387230696171,0.9055375484795887,2,10.12.0-audited-deleaked
600,2,0.05463040860217713,0.03892314902648779,0.906446442371335,2,10.12.0-audited-deleaked
601,2,0.010750379272951407,0.03333483168561283,0.9559147890414357,2,10.12.0-audited-deleaked
602,2,0.015175725636743902,0.044174431192188196,0.9406498431710678,2,10.12.0-audited-deleaked
603,2,0.018928574391834194,0.08404597822181877,0.8970254473863468,2,10.12.0-audited-deleaked
604,2,0.00842527940601683,0.05241101558399374,0.9391637050099894,2,10.12.0-audited-deleaked
606,2,0.03072558091970202,0.04646226833877666,0.9228121507415213,2,10.12.0-audited-deleaked
607,2,0.013643871413811156,0.026394129291048788,0.95996199929514,2,10.12.0-audited-deleaked
608,2,0.022359791686419682,0.04688683297996944,0.9307533753336108,2,10.12.0-audited-deleaked
609,2,0.01422812970250853,0.09153878535204332,0.8942330849454481,2,10.12.0-audited-deleaked
611,2,0.01697524292534803,0.035004267098550215,0.9480204899761018,2,10.12.0-audited-deleaked
612,2,0.04100246965728091,0.036590928081839835,0.9224066022608792,2,10.12.0-audited-deleaked
614,2,0.028115643030854492,0.0977371676839481,0.8741471892851973,2,10.12.0-audited-deleaked
615,2,0.012537079793093462,0.07094887234045906,0.9165140478664474,2,10.12.0-audited-deleaked
616,2,0.02610441676586283,0.06283281023834951,0.9110627729957875,2,10.12.0-audited-deleaked
617,2,0.022299300050557448,0.06040531032245794,0.9172953896269845,2,10.12.0-audited-deleaked
618,2,0.027346086624472236,0.027738176711463378,0.9449157366640644,2,10.12.0-audited-deleaked
619,2,0.009058525385776332,0.029231751791878917,0.9617097228223446,2,10.12.0-audited-deleaked
620,2,0.015559359626738049,0.06202143532327968,0.9224192050499822,2,10.12.0-audited-deleaked
621,2,0.02324731828170357,0.031436984431420796,0.9453156972868755,2,10.12.0-audited-deleaked
622,2,0.010343569810217584,0.0512185765512652,0.9384378536385172,2,10.12.0-audited-deleaked
624,2,0.04941041977835288,0.03481378966721289,0.9157757905544341,2,10.12.0-audited-deleaked
625,2,0.01675139393108956,0.0965107818163714,0.886737824252539,2,10.12.0-audited-deleaked
626,2,0.011285878450460092,0.07758833845679207,0.9111257830927477,2,10.12.0-audited-deleaked
627,2,0.012944771023726575,0.030240553294744888,0.9568146756815286,2,10.12.0-audited-deleaked
629,2,0.011473120449538287,0.028185577861568143,0.9603413016888935,2,10.12.0-audited-deleaked
630,2,0.07267652847904166,0.05738615734472732,0.869937314176231,2,10.12.0-audited-deleaked
632,2,0.04157798932975193,0.040814706896364863,0.9176073037738832,2,10.12.0-audited-deleaked
633,2,0.02832634563672115,0.05663624476256793,0.9150374096007108,2,10.12.0-audited-deleaked
634,2,0.045976340559044385,0.03879935980410199,0.9152242996368536,2,10.12.0-audited-deleaked
635,2,0.05299622647159211,0.051058074427253256,0.8959456991011545,2,10.12.0-audited-deleaked
636,2,0.04329903226497715,0.04645654985578492,0.9102444178792379,2,10.12.0-audited-deleaked
637,2,0.011663899118712172,0.0408934570778866,0.9474426438034012,2,10.12.0-audited-deleaked
638,2,0.011163166336152407,0.04307839619952354,0.945758437464324,2,10.12.0-audited-deleaked
639,2,0.01127292387058209,0.05399656112705119,0.9347305150023666,2,10.12.0-audited-deleaked
640,2,0.007665120655145621,0.030452428613153032,0.9618824507317012,2,10.12.0-audited-deleaked
642,2,0.059728978110207664,0.061555077424089055,0.8787159444657032,2,10.12.0-audited-deleaked
643,2,0.0222874920920978,0.026900211948920165,0.9508122959589819,2,10.12.0-audited-deleaked
644,2,0.02417009843934123,0.03484824573622198,0.9409816558244368,2,10.12.0-audited-deleaked
645,2,0.009927736527248003,0.0725007142104497,0.9175715492623022,2,10.12.0-audited-deleaked
647,2,0.009057530419492662,0.05938035247549328,0.9315621171050139,2,10.12.0-audited-deleaked
648,2,0.06107277012314211,0.05030934409533718,0.8886178857815207,2,10.12.0-audited-deleaked
650,2,0.010734635708962851,0.061724617431576936,0.9275407468594603,2,10.12.0-audited-deleaked
651,2,0.03860591809307345,0.031151393845915486,0.9302426880610108,2,10.12.0-audited-deleaked
652,2,0.037943643448381734,0.04884864472663144,0.9132077118249868,2,10.12.0-audited-deleaked
653,2,0.02594208316387307,0.06099293105301789,0.913064985783109,2,10.12.0-audited-deleaked
654,2,0.05740294123467272,0.026505342377799824,0.9160917163875275,2,10.12.0-audited-deleaked
655,2,0.007151778697963651,0.03444563419862958,0.9584025871034068,2,10.12.0-audited-deleaked
656,2,0.015766214747283812,0.029267037187504976,0.9549667480652111,2,10.12.0-audited-deleaked
657,2,0.013500722542178942,0.08581895879114632,0.9006803186666748,2,10.12.0-audited-deleaked
658,2,0.007808302761461559,0.0537682910671442,0.9384234061713941,2,10.12.0-audited-deleaked
660,2,0.0344323261851152,0.042218980998479864,0.923348692816405,2,10.12.0-audited-deleaked
661,2,0.012550148087560994,0.05695683947411708,0.9304930124383218,2,10.12.0-audited-deleaked
662,2,0.009637061386974993,0.03621501348009778,0.9541479251329272,2,10.12.0-audited-deleaked
663,2,0.011099478382583012,0.12706345294933358,0.8618370686680834,2,10.12.0-audited-deleaked
665,2,0.010994982739866644,0.049804732731764056,0.9392002845283693,2,10.12.0-audited-deleaked
666,2,0.04967631769724848,0.05286878999879411,0.8974548923039574,2,10.12.0-audited-deleaked
668,2,0.02099503715642975,0.04253939990198041,0.9364655629415899,2,10.12.0-audited-deleaked
669,2,0.036700731922914426,0.03845958135910064,0.9248396867179849,2,10.12.0-audited-deleaked
670,2,0.01803917368323638,0.07461759493420461,0.9073432313825588,2,10.12.0-audited-deleaked
671,2,0.018836235611994514,0.06591509385119138,0.9152486705368141,2,10.12.0-audited-deleaked
672,2,0.053459491792227545,0.026696749123823294,0.9198437590839491,2,10.12.0-audited-deleaked
673,2,0.005803739920658506,0.060109889135268046,0.9340863709440734,2,10.12.0-audited-deleaked
674,2,0.04681600470238637,0.05103957644047675,0.9021444188571368,2,10.12.0-audited-deleaked
675,2,0.0323305502820497,0.031790769883025094,0.9358786798349251,2,10.12.0-audited-deleaked
676,2,0.007926540617319087,0.03861440683614403,0.9534590525465367,2,10.12.0-audited-deleaked
678,2,0.06033231425480888,0.058748234715042466,0.8809194510301486,2,10.12.0-audited-deleaked
679,2,0.030468898832293256,0.04136638030102608,0.9281647208666807,2,10.12.0-audited-deleaked
680,2,0.01418167462525374,0.06861156160674192,0.9172067637680043,2,10.12.0-audited-deleaked
681,2,0.013112933287397818,0.0403054005066126,0.9465816662059896,2,10.12.0-audited-deleaked
683,2,0.009132108321885934,0.031200310847689247,0.9596675808304247,2,10.12.0-audited-deleaked
684,2,0.0817633268552794,0.056080906474981054,0.8621557666697395,2,10.12.0-audited-deleaked
686,2,0.025170903862836644,0.032402652492214475,0.9424264436449488,2,10.12.0-audited-deleaked
687,2,0.02903822919590441,0.02479700071941389,0.9461647700846817,2,10.12.0-audited-deleaked
688,2,0.022805085877970355,0.062140886429992215,0.9150540276920374,2,10.12.0-audited-deleaked
689,2,0.03369852087712924,0.06302975823356756,0.9032717208893031,2,10.12.0-audited-deleaked
690,2,0.04337918533308238,0.035040957515680864,0.9215798571512368,2,10.12.0-audited-deleaked
691,2,0.0055721144813020125,0.06022702352260312,0.9342008619960949,2,10.12.0-audited-deleaked
692,2,0.01218547295506799,0.042935710756504764,0.9448788162884272,2,10.12.0-audited-deleaked
693,2,0.014425827666864195,0.04483559601981363,0.9407385763133223,2,10.12.0-audited-deleaked
694,2,0.011542669778940105,0.07752905057194932,0.9109282796491105,2,10.12.0-audited-deleaked
696,2,0.03980880937783888,0.04497231469699435,0.9152188759251667,2,10.12.0-audited-deleaked
697,2,0.015479520980755642,0.09400172666750337,0.8905187523517409,2,10.12.0-audited-deleaked
698,2,0.024875619715370948,0.06483715864221587,0.9102872216424133,2,10.12.0-audited-deleaked
699,2,0.024762650783012045,0.04130852692817827,0.9339288222888096,2,10.12.0-audited-deleaked
701,2,0.09163190730401333,0.299424431902717,0.6089436607932697,2,10.12.0-audited-deleaked
702,2,0.03216027254526729,0.14343770236320572,0.8244020250915269,2,10.12.0-audited-deleaked
703,2,0.042837903163205585,0.07228343095551121,0.8848786658812833,2,10.12.0-audited-deleaked
704,2,0.07721657335308674,0.1110277374620186,0.8117556891848946,2,10.12.0-audited-deleaked
705,2,0.0077005435261479245,0.10300569478086415,0.8892937616929878,2,10.12.0-audited-deleaked
707,2,0.009384806901134196,0.05127397043624077,0.939341222662625,2,10.12.0-audited-deleaked
708,2,0.14332455358961105,0.16513055666884247,0.6915448897415465,2,10.12.0-audited-deleaked
709,2,0.017196357941782384,0.06891300152795411,0.9138906405302634,2,10.12.0-audited-deleaked
710,2,0.008162860731614496,0.02837401729433201,0.9634631219740535,2,10.12.0-audited-deleaked
711,2,0.039067429519649186,0.09720145428056036,0.8637311161997904,2,10.12.0-audited-deleaked
712,2,0.07055208009895489,0.07708274103760801,0.852365178863437,2,10.12.0-audited-deleaked
713,2,0.025067561279810274,0.21664806998947606,0.7582843687307136,2,10.12.0-audited-deleaked
714,2,0.05786146501025698,0.17608292184998128,0.7660556131397617,2,10.12.0-audited-deleaked
716,2,0.06404973502120989,0.07480434856383064,0.8611459164149594,2,10.12.0-audited-deleaked
717,2,0.024460637528734383,0.055977177596861175,0.9195621848744044,2,10.12.0-audited-deleaked
718,2,0.030786889122773102,0.12232892076862122,0.8468841901086056,2,10.12.0-audited-deleaked
719,2,0.022349555041126335,0.1650861314479431,0.8125643135109305,2,10.12.0-audited-deleaked
721,2,0.019575666744012347,0.13592130509107536,0.8445030281649122,2,10.12.0-audited-deleaked
722,2,0.03376068729620632,0.03838802962266383,0.9278512830811299,2,10.12.0-audited-deleaked
723,2,0.07301224670012695,0.3872877191281753,0.5397000341716977,2,10.12.0-audited-deleaked
724,2,0.07717575172839491,0.07327337345762241,0.8495508748139825,2,10.12.0-audited-deleaked
725,2,0.0701107351041309,0.10285756555929113,0.8270316993365779,2,10.12.0-audited-deleaked
726,2,0.10844150951262857,0.1417258243682335,0.7498326661191379,2,10.12.0-audited-deleaked
727,2,0.45584868183804833,0.16510850830032872,0.379042809861623,0,10.12.0-audited-deleaked
728,2,0.017551829045666604,0.12839399779894103,0.8540541731553923,2,10.12.0-audited-deleaked
729,2,0.026398021789789502,0.14008445548322815,0.8335175227269824,2,10.12.0-audited-deleaked
731,2,0.0301418945262766,0.2024424011766444,0.7674157042970788,2,10.12.0-audited-deleaked
732,2,0.22614506797621478,0.24747124065789888,0.5263836913658864,2,10.12.0-audited-deleaked
733,2,0.0698964256162226,0.04348244188065021,0.8866211325031271,2,10.12.0-audited-deleaked
734,2,0.04801472343253037,0.07862169038278184,0.8733635861846876,2,10.12.0-audited-deleaked
735,2,0.0937810694820688,0.3563789477674923,0.5498399827504389,2,10.12.0-audited-deleaked
736,2,0.028300569476100875,0.13066823307931977,0.8410311974445794,2,10.12.0-audited-deleaked
737,2,0.04403270565215782,0.04553325984999897,0.9104340344978432,2,10.12.0-audited-deleaked
738,2,0.08782250120465396,0.17859244607895114,0.733585052716395,2,10.12.0-audited-deleaked
739,2,0.05101995276483219,0.0978338984105123,0.8511461488246554,2,10.12.0-audited-deleaked
740,2,0.04979747231776789,0.09268069891543712,0.857521828766795,2,10.12.0-audited-deleaked
741,2,0.11654926766993332,0.2286599793585592,0.6547907529715075,2,10.12.0-audited-deleaked
742,2,0.02216876629651376,0.19845543367019447,0.7793758000332918,2,10.12.0-audited-deleaked
743,2,0.007148041775778951,0.03796546433509975,0.9548864938891212,2,10.12.0-audited-deleaked
744,2,0.06289521804143314,0.06677747754936061,0.8703273044092062,2,10.12.0-audited-deleaked
745,2,0.0709275916230134,0.27248951926536064,0.656582889111626,2,10.12.0-audited-deleaked
746,2,0.05574519503602528,0.15067442693989208,0.7935803780240825,2,10.12.0-audited-deleaked
747,2,0.01800285009530648,0.10981092951953297,0.8721862203851605,2,10.12.0-audited-deleaked
748,2,0.08514907172246927,0.14823573233776938,0.7666151959397614,2,10.12.0-audited-deleaked
749,2,0.008119972800801416,0.03605356253487936,0.9558264646643192,2,10.12.0-audited-deleaked
750,2,0.030676797405616962,0.13716277487849154,0.8321604277158914,2,10.12.0-audited-deleaked
751,2,0.029234145388619695,0.08992877827110228,0.880837076340278,2,10.12.0-audited-deleaked
752,2,0.013910561508616493,0.07353010193752835,0.9125593365538551,2,10.12.0-audited-deleaked
753,2,0.01334121825218544,0.07742186075035737,0.9092369209974571,2,10.12.0-audited-deleaked
754,2,0.1402414984888481,0.07724928137700598,0.7825092201341459,2,10.12.0-audited-deleaked
755,2,0.0707965066964368,0.10960332047702347,0.8196001728265396,2,10.12.0-audited-deleaked
756,2,0.02032178921657412,0.06147907871219907,0.9181991320712266,2,10.12.0-audited-deleaked
757,2,0.02898662047328027,0.1396317918749692,0.8313815876517504,2,10.12.0-audited-deleaked
758,2,0.05889093745447135,0.07065383822983996,0.8704552243156887,2,10.12.0-audited-deleaked
759,2,0.01815158058833017,0.046850008289365655,0.9349984111223041,2,10.12.0-audited-deleaked
760,2,0.11948243240840643,0.1990723920156077,0.6814451755759858,2,10.12.0-audited-deleaked
761,2,0.08220154964783466,0.41299685892810145,0.5048015914240638,2,10.12.0-audited-deleaked
762,2,0.019861913977109954,0.026550902904570003,0.95358718311832,2,10.12.0-audited-deleaked
764,2,0.06849955250487953,0.11208675537408513,0.8194136921210353,2,10.12.0-audited-deleaked
765,2,0.02661664581517698,0.04999325041143053,0.9233901037733925,2,10.12.0-audited-deleaked
767,2,0.01566713090016175,0.09664331141321848,0.8876895576866197,2,10.12.0-audited-deleaked
769,2,0.022146067519688395,0.161583527728274,0.8162704047520375,2,10.12.0-audited-deleaked
770,2,0.015807051617939043,0.08633593276167752,0.8978570156203833,2,10.12.0-audited-deleaked
771,2,0.02910834040559023,0.11022983449705154,0.8606618250973581,2,10.12.0-audited-deleaked
772,2,0.04484721936712862,0.06965372365577743,0.885499056977094,2,10.12.0-audited-deleaked
773,2,0.051296588302377474,0.23151393138927945,0.7171894803083431,2,10.12.0-audited-deleaked
774,2,0.12380495688978849,0.266065032255947,0.6101300108542644,2,10.12.0-audited-deleaked
776,2,0.04613207058804164,0.18689247250025354,0.7669754569117048,2,10.12.0-audited-deleaked
777,2,0.01425744275824203,0.05251379702514712,0.9332287602166109,2,10.12.0-audited-deleaked
778,2,0.012809740489079256,0.090475037696202,0.8967152218147189,2,10.12.0-audited-deleaked
779,2,0.06564412315524841,0.09906744894615026,0.8352884278986014,2,10.12.0-audited-deleaked
780,2,0.03955296431961727,0.32206730605719214,0.6383797296231906,2,10.12.0-audited-deleaked
781,2,0.049163313778327805,0.24269706745677858,0.7081396187648936,2,10.12.0-audited-deleaked
782,2,0.009785686326354117,0.0832696489220505,0.9069446647515953,2,10.12.0-audited-deleaked
783,2,0.03068632423466259,0.08181634040577071,0.8874973353595667,2,10.12.0-audited-deleaked
784,2,0.03464053712507685,0.054050354895997126,0.911309107978926,2,10.12.0-audited-deleaked
785,2,0.04923977037151482,0.22820306050044636,0.7225571691280387,2,10.12.0-audited-deleaked
786,2,0.10025532817414592,0.2153284669601246,0.6844162048657295,2,10.12.0-audited-deleaked
787,2,0.07753039794887395,0.06155200897507123,0.8609175930760546,2,10.12.0-audited-deleaked
788,2,0.01070813614954325,0.08333957126481907,0.9059522925856377,2,10.12.0-audited-deleaked
790,2,0.04737569080982003,0.17281350495044095,0.7798108042397391,2,10.12.0-audited-deleaked
791,2,0.07081798138572207,0.07145516707075285,0.857726851543525,2,10.12.0-audited-deleaked
792,2,0.023061192592392886,0.1330212776157102,0.8439175297918968,2,10.12.0-audited-deleaked
793,2,0.030989887861369653,0.07449029710012374,0.8945198150385065,2,10.12.0-audited-deleaked
794,2,0.02166504174102218,0.06532359777611155,0.9130113604828662,2,10.12.0-audited-deleaked
795,2,0.18156662357087294,0.13290744880573468,0.6855259276233923,2,10.12.0-audited-deleaked
796,2,0.01748913632700928,0.08436767881412147,0.8981431848588692,2,10.12.0-audited-deleaked
797,2,0.011098992607067579,0.04636122205241683,0.9425397853405155,2,10.12.0-audited-deleaked
800,2,0.010696024682797536,0.07240638446632412,0.9168975908508783,2,10.12.0-audited-deleaked
801,2,0.0280970861795068,0.07317350541964332,0.8987294084008498,2,10.12.0-audited-deleaked
802,2,0.04683884160610616,0.10064405431178383,0.85251710408211,2,10.12.0-audited-deleaked
803,2,0.03952931254302347,0.13945747669807323,0.8210132107589032,2,10.12.0-audited-deleaked
804,2,0.036968277175918954,0.14852033775732715,0.8145113850667538,2,10.12.0-audited-deleaked
806,2,0.18724146704045988,0.07600292506684632,0.7367556078926938,2,10.12.0-audited-deleaked
807,2,0.0907319919932407,0.10067432853443115,0.8085936794723281,2,10.12.0-audited-deleaked
808,2,0.022978646744914052,0.14516883653999063,0.8318525167150952,2,10.12.0-audited-deleaked
810,2,0.05730198602179286,0.14227787510294126,0.8004201388752658,2,10.12.0-audited-deleaked
811,2,0.12974139657474518,0.09454939418204518,0.7757092092432096,2,10.12.0-audited-deleaked
812,2,0.03353231619057478,0.2179934947924615,0.7484741890169636,2,10.12.0-audited-deleaked
813,2,0.03706260203613056,0.17807234128499977,0.7848650566788696,2,10.12.0-audited-deleaked
814,2,0.016504187961754083,0.18524514076387455,0.7982506712743713,2,10.12.0-audited-deleaked
815,2,0.06807700498390394,0.16503368296736326,0.7668893120487327,2,10.12.0-audited-deleaked
816,2,0.028614717692181182,0.07975932930179266,0.8916259530060261,2,10.12.0-audited-deleaked
817,2,0.03979211829471838,0.11532106209633908,0.8448868196089425,2,10.12.0-audited-deleaked
818,2,0.043921781825330394,0.08285239720252957,0.87322582097214,2,10.12.0-audited-deleaked
821,2,0.03092763601930789,0.057305193602220875,0.9117671703784711,2,10.12.0-audited-deleaked
823,2,0.24309494406180193,0.13763540932952517,0.6192696466086729,2,10.12.0-audited-deleaked
824,2,0.030349469465742063,0.07843697641123479,0.891213554123023,2,10.12.0-audited-deleaked
825,2,0.05552013391654788,0.12500695830270347,0.8194729077807485,2,10.12.0-audited-deleaked
826,2,0.032014108083120336,0.08721249152158037,0.8807734003952994,2,10.12.0-audited-deleaked
828,2,0.10013516357132819,0.14009130142086867,0.7597735350078031,2,10.12.0-audited-deleaked
829,2,0.07815763167285249,0.18573623623917512,0.7361061320879724,2,10.12.0-audited-deleaked
830,2,0.05766132481171637,0.06538672189984446,0.8769519532884392,2,10.12.0-audited-deleaked
831,2,0.03296290927754289,0.13598154931375794,0.831055541408699,2,10.12.0-audited-deleaked
832,2,0.030398451975311196,0.09915163661621071,0.870449911408478,2,10.12.0-audited-deleaked
834,2,0.011276439285451446,0.12647220508483764,0.8622513556297109,2,10.12.0-audited-deleaked
835,2,0.046913130080308035,0.3192947213228691,0.6337921485968228,2,10.12.0-audited-deleaked
836,2,0.031598406753981734,0.311705322863439,0.6566962703825793,2,10.12.0-audited-deleaked
837,2,0.0878625142118806,0.16393044170536622,0.7482070440827531,2,10.12.0-audited-deleaked
839,2,0.117396651810541,0.27332826621645034,0.6092750819730086,2,10.12.0-audited-deleaked
840,2,0.03161163110471201,0.08707032812972293,0.8813180407655651,2,10.12.0-audited-deleaked
841,2,0.0947280329804501,0.17873356821719816,0.7265383988023517,2,10.12.0-audited-deleaked
842,2,0.17441259912350332,0.0682809715520603,0.7573064293244364,2,10.12.0-audited-deleaked
843,2,0.04608336557120043,0.43932737822259466,0.5145892562062049,2,10.12.0-audited-deleaked
844,2,0.011060662112652334,0.08913292096342643,0.8998064169239213,2,10.12.0-audited-deleaked
845,2,0.05664596428078311,0.08334636590770722,0.8600076698115097,2,10.12.0-audited-deleaked
847,2,0.028330811760840624,0.1290364432690707,0.8426327449700886,2,10.12.0-audited-deleaked
848,2,0.049169843659155776,0.17811193510715603,0.7727182212336882,2,10.12.0-audited-deleaked
849,2,0.014309990183064707,0.07473861468701742,0.9109513951299179,2,10.12.0-audited-deleaked
850,2,0.031422505999017775,0.1662536352519798,0.8023238587490024,2,10.12.0-audited-deleaked
851,2,0.07380086707789184,0.1487030522148619,0.7774960807072463,2,10.12.0-audited-deleaked
853,2,0.0127147136465794,0.1103165962839758,0.8769686900694448,2,10.12.0-audited-deleaked
854,2,0.04888834408700069,0.2152121285484888,0.7358995273645104,2,10.12.0-audited-deleaked
855,2,0.07189953896714282,0.14598042058709013,0.7821200404457669,2,10.12.0-audited-deleaked
857,2,0.07482856459359058,0.06710205542861467,0.8580693799777948,2,10.12.0-audited-deleaked
858,2,0.04349920857519822,0.18481008005270413,0.7716907113720974,2,10.12.0-audited-deleaked
859,2,0.031186492688675918,0.3606872832141098,0.6081262240972142,2,10.12.0-audited-deleaked
860,2,0.01922858158516522,0.29660285558290284,0.684168562831932,2,10.12.0-audited-deleaked
862,2,0.007424590221265614,0.04608596886199852,0.9464894409167359,2,10.12.0-audited-deleaked
863,2,0.06300413447193565,0.038749899835517965,0.8982459656925463,2,10.12.0-audited-deleaked
864,2,0.03045635125499134,0.09558537005291898,0.8739582786920896,2,10.12.0-audited-deleaked
865,2,0.04767630667851737,0.04741530310502297,0.9049083902164596,2,10.12.0-audited-deleaked
867,2,0.1328528523950709,0.2403677530708171,0.6267793945341119,2,10.12.0-audited-deleaked
869,2,0.24726652862949236,0.22690453399168437,0.5258289373788232,2,10.12.0-audited-deleaked
870,2,0.1274741215498145,0.16384693762453195,0.7086789408256534,2,10.12.0-audited-deleaked
871,2,0.04418520606818659,0.18221791916914531,0.773596874762668,2,10.12.0-audited-deleaked
872,2,0.03296269701092592,0.10958604637099022,0.8574512566180837,2,10.12.0-audited-deleaked
873,2,0.09284790449197,0.12619531039354556,0.7809567851144843,2,10.12.0-audited-deleaked
874,2,0.02428958920766646,0.12078685813505216,0.8549235526572814,2,10.12.0-audited-deleaked
875,2,0.17550163169616612,0.2200360262218874,0.6044623420819466,2,10.12.0-audited-deleaked
876,2,0.08058550692259356,0.16496188957299257,0.7544526035044138,2,10.12.0-audited-deleaked
878,2,0.016259647300531307,0.09697664882182447,0.8867637038776441,2,10.12.0-audited-deleaked
879,2,0.07117713772702666,0.13073174172574878,0.7980911205472245,2,10.12.0-audited-deleaked
880,2,0.009316296688352047,0.08880606289958037,0.9018776404120676,2,10.12.0-audited-deleaked
881,2,0.048502326158631814,0.15887259770550788,0.7926250761358602,2,10.12.0-audited-deleaked
882,2,0.13137399337415762,0.24468644152960195,0.6239395650962404,2,10.12.0-audited-deleaked
883,2,0.1101256005088779,0.10217721949106659,0.7876971800000554,2,10.12.0-audited-deleaked
884,2,0.025793009944362587,0.11431678786118508,0.8598902021944521,2,10.12.0-audited-deleaked
885,2,0.0835187415855031,0.05213534317935496,0.8643459152351419,2,10.12.0-audited-deleaked
887,2,0.24444400211514541,0.2230160667176032,0.5325399311672513,2,10.12.0-audited-deleaked
888,2,0.06252780120704612,0.13345975520059605,0.8040124435923577,2,10.12.0-audited-deleaked
889,2,0.034149542958279565,0.13439592109568121,0.8314545359460391,2,10.12.0-audited-deleaked
890,2,0.147718597358106,0.19120234243448833,0.6610790602074057,2,10.12.0-audited-deleaked
891,2,0.038298444501492536,0.12045280647973813,0.8412487490187692,2,10.12.0-audited-deleaked
892,2,0.06683419735007264,0.10984834738292454,0.8233174552670027,2,10.12.0-audited-deleaked
893,2,0.02534152067830587,0.10159464355422021,0.8730638357674738,2,10.12.0-audited-deleaked
895,2,0.0444205183952798,0.05445286882883066,0.9011266127758895,2,10.12.0-audited-deleaked
898,2,0.14139043853622704,0.10856814380810301,0.75004141765567,2,10.12.0-audited-deleaked
899,2,0.06295417583389436,0.1395080222361353,0.7975378019299703,2,10.12.0-audited-deleaked
901,2,0.0257678808033058,0.13611753152990608,0.8381145876667881,2,10.12.0-audited-deleaked
902,2,0.04513994802112791,0.18748627423452296,0.767373777744349,2,10.12.0-audited-deleaked
903,2,0.05231334179909915,0.10777187331445826,0.8399147848864426,2,10.12.0-audited-deleaked
904,2,0.010862159266916697,0.12851288584166198,0.8606249548914213,2,10.12.0-audited-deleaked
905,2,0.03335428593884276,0.16447069180165938,0.8021750222594978,2,10.12.0-audited-deleaked
906,2,0.02343969083624561,0.21090902228329786,0.7656512868804565,2,10.12.0-audited-deleaked
910,2,0.018255190138409212,0.03498160889919933,0.9467632009623914,2,10.12.0-audited-deleaked
911,2,0.08831440342537228,0.27043806422993455,0.641247532344693,2,10.12.0-audited-deleaked
913,2,0.10461162628193149,0.1755413421618394,0.7198470315562291,2,10.12.0-audited-deleaked
914,2,0.054656993701552,0.13807637826715857,0.8072666280312895,2,10.12.0-audited-deleaked
915,2,0.0794805790330528,0.30769761867284484,0.6128218022941022,2,10.12.0-audited-deleaked
916,2,0.16720861019770372,0.10484142029788579,0.7279499695044104,2,10.12.0-audited-deleaked
918,2,0.03382139637418989,0.17378673253964583,0.7923918710861642,2,10.12.0-audited-deleaked
919,2,0.03589207737383189,0.09925126591021319,0.8648566567159548,2,10.12.0-audited-deleaked
920,2,0.146940331932087,0.27062342118209914,0.5824362468858137,2,10.12.0-audited-deleaked
921,2,0.08927440780153204,0.1255484737701003,0.7851771184283676,2,10.12.0-audited-deleaked
922,2,0.051605544862594145,0.12133612965125376,0.827058325486152,2,10.12.0-audited-deleaked
923,2,0.08851042895493655,0.10188084892305302,0.8096087221220103,2,10.12.0-audited-deleaked
924,2,0.05419097464612291,0.10513764750301313,0.8406713778508638,2,10.12.0-audited-deleaked
925,2,0.13084692108596277,0.1532877960045166,0.7158652829095205,2,10.12.0-audited-deleaked
926,2,0.01738093350894309,0.051087860013151604,0.9315312064779052,2,10.12.0-audited-deleaked
927,2,0.14739871980783936,0.08632541068770443,0.7662758695044561,2,10.12.0-audited-deleaked
928,2,0.016033469246538066,0.08790207446469298,0.896064456288769,2,10.12.0-audited-deleaked
930,2,0.14866810046478446,0.1110962994637931,0.7402356000714224,2,10.12.0-audited-deleaked
932,2,0.016242821678279114,0.06611112864777434,0.9176460496739465,2,10.12.0-audited-deleaked
933,2,0.02935610556247515,0.11710686671961783,0.8535370277179071,2,10.12.0-audited-deleaked
934,2,0.07588028481962839,0.09417359110842344,0.8299461240719481,2,10.12.0-audited-deleaked
937,2,0.24337908236529238,0.2047316952562572,0.5518892223784504,2,10.12.0-audited-deleaked
938,2,0.09924101447484668,0.08083476629411128,0.8199242192310421,2,10.12.0-audited-deleaked
939,2,0.031269676526049915,0.1287911891602424,0.8399391343137077,2,10.12.0-audited-deleaked
940,2,0.09868421038990347,0.1253146112546099,0.7760011783554867,2,10.12.0-audited-deleaked
941,2,0.03467702657738347,0.13593963136109094,0.8293833420615254,2,10.12.0-audited-deleaked
942,2,0.06498868236987079,0.16144773790327321,0.773563579726856,2,10.12.0-audited-deleaked
943,2,0.11636026781505684,0.3171876644962355,0.5664520676887076,2,10.12.0-audited-deleaked
944,2,0.041967070134116644,0.17335020664775008,0.7846827232181333,2,10.12.0-audited-deleaked
945,2,0.008937193658196486,0.18683548552198234,0.8042273208198212,2,10.12.0-audited-deleaked
946,2,0.08216870014305025,0.16654834993562517,0.7512829499213245,2,10.12.0-audited-deleaked
947,2,0.06599467980438015,0.090250569966901,0.8437547502287187,2,10.12.0-audited-deleaked
948,2,0.06889452005283803,0.5252311662536694,0.4058743136934926,1,10.12.0-audited-deleaked
949,2,0.060592656785444704,0.3874866963621137,0.5519206468524416,2,10.12.0-audited-deleaked
950,2,0.028346749145641587,0.08618409911370968,0.8854691517406486,2,10.12.0-audited-deleaked
952,2,0.018101930796571596,0.07016326175995186,0.9117348074434766,2,10.12.0-audited-deleaked
953,2,0.09001748491905012,0.1641403127312022,0.7458422023497476,2,10.12.0-audited-deleaked
954,2,0.022613406124150505,0.16177925995463666,0.8156073339212128,2,10.12.0-audited-deleaked
955,2,0.13462816976817882,0.16850610126254043,0.6968657289692806,2,10.12.0-audited-deleaked
956,2,0.05276819637324061,0.142159714717551,0.8050720889092083,2,10.12.0-audited-deleaked
957,2,0.03841551753222528,0.09626072370825875,0.865323758759516,2,10.12.0-audited-deleaked
959,2,0.05403537856739499,0.16188542779045306,0.7840791936421518,2,10.12.0-audited-deleaked
960,2,0.04154217923988733,0.1987732971999605,0.7596845235601521,2,10.12.0-audited-deleaked
961,2,0.012191744588017655,0.04017088511404333,0.947637370297939,2,10.12.0-audited-deleaked
962,2,0.04822628250179427,0.176468012685767,0.7753057048124387,2,10.12.0-audited-deleaked
963,2,0.05484700367385123,0.04488116606801126,0.9002718302581375,2,10.12.0-audited-deleaked
964,2,0.10419742678163392,0.24660355102627218,0.6491990221920938,2,10.12.0-audited-deleaked
965,2,0.050364707529920894,0.11187023147088229,0.8377650609991967,2,10.12.0-audited-deleaked
966,2,0.024800029936817874,0.09055152515640277,0.8846484449067793,2,10.12.0-audited-deleaked
967,2,0.013541273443306164,0.06344422538017017,0.9230145011765236,2,10.12.0-audited-deleaked
969,2,0.13697171020086638,0.18083846760771508,0.6821898221914184,2,10.12.0-audited-deleaked
970,2,0.09069419187538501,0.21867750684815362,0.6906283012764612,2,10.12.0-audited-deleaked
971,2,0.046147958949439065,0.17317322752158595,0.780678813528975,2,10.12.0-audited-deleaked
972,2,0.14444125824717496,0.19398228611368096,0.661576455639144,2,10.12.0-audited-deleaked
973,2,0.09275231621859653,0.15735288732924385,0.7498947964521595,2,10.12.0-audited-deleaked
974,2,0.05959949999311938,0.2161975616927882,0.7242029383140923,2,10.12.0-audited-deleaked
976,2,0.043474334911375236,0.06726082787097937,0.8892648372176454,2,10.12.0-audited-deleaked
977,2,0.01042694155070948,0.21782162705313213,0.7717514313961584,2,10.12.0-audited-deleaked
978,2,0.09344231803182254,0.11578789815216994,0.7907697838160075,2,10.12.0-audited-deleaked
979,2,0.20816084653502925,0.11906365568097502,0.6727754977839956,2,10.12.0-audited-deleaked
980,2,0.06266791125258984,0.2422860365793853,0.6950460521680248,2,10.12.0-audited-deleaked
981,2,0.006890592137741273,0.08290040271857392,0.9102090051436847,2,10.12.0-audited-deleaked
982,2,0.007099553317540305,0.03691273517181197,0.9559877115106478,2,10.12.0-audited-deleaked
983,2,0.01387894016981178,0.049043580586023164,0.937077479244165,2,10.12.0-audited-deleaked
984,2,0.00824678296876232,0.07735056832841165,0.9144026487028261,2,10.12.0-audited-deleaked
985,2,0.028276794644928094,0.12834044749156945,0.8433827578635025,2,10.12.0-audited-deleaked
986,2,0.012881921753229966,0.23784910739951487,0.7492689708472551,2,10.12.0-audited-deleaked
987,2,0.24774066672315917,0.14096086620943374,0.611298467067407,2,10.12.0-audited-deleaked
988,2,0.1150344675828984,0.12202257598155729,0.7629429564355443,2,10.12.0-audited-deleaked
989,2,0.023492508935919306,0.16243666226993198,0.8140708287941486,2,10.12.0-audited-deleaked
990,2,0.07005348839421116,0.18342474900559408,0.7465217626001946,2,10.12.0-audited-deleaked
992,2,0.24011178686353385,0.13762184885392154,0.6222663642825446,2,10.12.0-audited-deleaked
995,2,0.03126391752741099,0.09847652942582122,0.8702595530467677,2,10.12.0-audited-deleaked
998,2,0.015240327004957989,0.04974815024433682,0.9350115227507052,2,10.12.0-audited-deleaked
999,2,0.03297792815407802,0.12649386684480354,0.8405282050011184,2,10.12.0-audited-deleaked
MOFs_2,0,0.5984467867508461,0.13104925845092855,0.27050395479822537,0,10.12.0-audited-deleaked
MOFs_10,0,0.5390874270058731,0.3247266085323326,0.13618596446179435,0,10.12.0-audited-deleaked
MOFs_11,0,0.48798723457018406,0.3558316465357607,0.15618111889405523,0,10.12.0-audited-deleaked
MOFs_14,0,0.4698867805645015,0.3686501759144255,0.16146304352107296,0,10.12.0-audited-deleaked
MOFs_30,0,0.4106101379924332,0.3977689752070184,0.19162088680054837,0,10.12.0-audited-deleaked
MOFs_32,0,0.4859478099717315,0.3366795330584689,0.17737265696979962,0,10.12.0-audited-deleaked
MOFs_35,0,0.4745051759432677,0.33042985670658004,0.19506496735015227,0,10.12.0-audited-deleaked
MOFs_36,0,0.15833463586743762,0.5988753179923749,0.24279004614018737,1,10.12.0-audited-deleaked
MOFs_37,0,0.43135455846899307,0.3693586289196667,0.19928681261134032,0,10.12.0-audited-deleaked
MOFs_47,2,0.2007393455492367,0.1254732449063699,0.6737874095443933,2,10.12.0-audited-deleaked
MOFs_53,0,0.34489065833338983,0.15130934811946306,0.503799993547147,2,10.12.0-audited-deleaked
MOFs_54,0,0.2947876509725685,0.25406033358492114,0.45115201544251027,2,10.12.0-audited-deleaked
MOFs_55,0,0.5895947098904444,0.1662030520752691,0.24420223803428648,0,10.12.0-audited-deleaked
MOFs_56,0,0.5215439592868574,0.21169476405939253,0.2667612766537501,0,10.12.0-audited-deleaked
MOFs_61,0,0.4023116976830653,0.31745021542095947,0.2802380868959752,0,10.12.0-audited-deleaked
MOFs_65,0,0.5041213644575897,0.1917475053646671,0.3041311301777431,0,10.12.0-audited-deleaked
MOFs_72,0,0.09038257853824941,0.23935974127361828,0.6702576801881323,2,10.12.0-audited-deleaked
MOFs_75,0,0.4930196540883628,0.15666739061667517,0.35031295529496204,0,10.12.0-audited-deleaked
MOFs_80,0,0.38898844265407695,0.19639455680688322,0.4146170005390398,2,10.12.0-audited-deleaked
MOFs_81,0,0.4131466829988758,0.15648065702162375,0.43037265997950047,2,10.12.0-audited-deleaked
MOFs_82,0,0.19411224285933204,0.18568111411628618,0.6202066430243818,2,10.12.0-audited-deleaked
MOFs_83,0,0.40366014809646555,0.17198435557887232,0.4243554963246622,2,10.12.0-audited-deleaked
MOFs_84,0,0.22792107366197736,0.21088401163457365,0.561194914703449,2,10.12.0-audited-deleaked
MOFs_85,0,0.22514799603074293,0.19930250608900743,0.5755494978802494,2,10.12.0-audited-deleaked
MOFs_86,0,0.1483996998349295,0.24627179027817603,0.6053285098868945,2,10.12.0-audited-deleaked
MOFs_93,2,0.2184993306577902,0.22031632991435082,0.561184339427859,2,10.12.0-audited-deleaked
MOFs_94,0,0.32814308005865445,0.17083894254675758,0.5010179773945879,2,10.12.0-audited-deleaked
MOFs_95,0,0.30453682803469184,0.14254280591321472,0.5529203660520934,2,10.12.0-audited-deleaked
MOFs_108,2,0.08148485444581419,0.20919147750159245,0.7093236680525934,2,10.12.0-audited-deleaked
MOFs_134,0,0.04125391594520264,0.16258608666081964,0.7961599973939776,2,10.12.0-audited-deleaked
MOFs_135,2,0.044518076646129265,0.2403749312540821,0.7151069920997886,2,10.12.0-audited-deleaked
MOFs_137,1,0.23809307237291086,0.17858331707157477,0.5833236105555144,2,10.12.0-audited-deleaked
MOFs_141,2,0.0708920522134591,0.15498256530153096,0.77412538248501,2,10.12.0-audited-deleaked
MOFs_144,1,0.14891617771207316,0.20680503557956328,0.6442787867083635,2,10.12.0-audited-deleaked
MOFs_146,2,0.12097711867743045,0.14359154778028327,0.7354313335422862,2,10.12.0-audited-deleaked
MOFs_148,2,0.05404384411430161,0.1900312490814643,0.755924906804234,2,10.12.0-audited-deleaked
MOFs_150,1,0.26203638685081393,0.17442302097031084,0.5635405921788752,2,10.12.0-audited-deleaked
MOFs_152,2,0.03317904817006688,0.2108456077749499,0.755975344054983,2,10.12.0-audited-deleaked
MOFs_153,2,0.06044789888227436,0.22112630642640124,0.7184257946913243,2,10.12.0-audited-deleaked
MOFs_160,0,0.6551021036156653,0.26118277183910266,0.083715124545232,0,10.12.0-audited-deleaked
MOFs_166,2,0.26912392004745544,0.2520316112684223,0.4788444686841222,2,10.12.0-audited-deleaked
MOFs_173,0,0.29984787040283006,0.13939897815378532,0.5607531514433846,2,10.12.0-audited-deleaked
MOFs_194,0,0.05114802399582831,0.3492284048316541,0.5996235711725175,2,10.12.0-audited-deleaked
MOFs_195,2,0.03839016119811435,0.27931068612078197,0.6822991526811036,2,10.12.0-audited-deleaked
MOFs_221,0,0.4812313395226449,0.22120053107961052,0.2975681293977446,0,10.12.0-audited-deleaked
MOFs_225,0,0.25472155350406134,0.19279749157162307,0.5524809549243156,2,10.12.0-audited-deleaked
MOFs_235,0,0.5211328656575416,0.13065234100869902,0.3482147933337594,0,10.12.0-audited-deleaked
MOFs_240,0,0.5993828917878359,0.14613931512440287,0.2544777930877612,0,10.12.0-audited-deleaked
MOFs_242,0,0.3596920221821519,0.135115698657439,0.5051922791604091,2,10.12.0-audited-deleaked
MOFs_250,0,0.6218222758034769,0.14431451385191782,0.23386321034460505,0,10.12.0-audited-deleaked
MOFs_255,2,0.30206799406574397,0.10870286681018772,0.5892291391240683,2,10.12.0-audited-deleaked
MOFs_256,2,0.1342604841574967,0.07497169770531198,0.7907678181371913,2,10.12.0-audited-deleaked
MOFs_257,1,0.3350306232694906,0.16892064441342902,0.49604873231708035,2,10.12.0-audited-deleaked
MOFs_258,0,0.2649110690022646,0.1373405158784091,0.5977484151193262,2,10.12.0-audited-deleaked
MOFs_259,2,0.2763623659715833,0.18864236564235268,0.5349952683860639,2,10.12.0-audited-deleaked
MOFs_260,2,0.13892346887889054,0.09752166397418052,0.7635548671469289,2,10.12.0-audited-deleaked
MOFs_268,2,0.12254661593585481,0.2626917338243811,0.614761650239764,2,10.12.0-audited-deleaked
MOFs_269,0,0.02750228649677074,0.09097388397700933,0.8815238295262198,2,10.12.0-audited-deleaked
MOFs_271,0,0.09863663860383673,0.09336588236686491,0.8079974790292983,2,10.12.0-audited-deleaked
MOFs_273,0,0.06398649885208488,0.09117736084766462,0.8448361403002504,2,10.12.0-audited-deleaked
MOFs_276,0,0.1602247937706729,0.1673922190787846,0.6723829871505425,2,10.12.0-audited-deleaked
MOFs_280,0,0.0690948430125912,0.574774797044619,0.35613035994278974,1,10.12.0-audited-deleaked
MOFs_295,0,0.582284037220846,0.3313717091627423,0.0863442536164116,0,10.12.0-audited-deleaked
MOFs_296,0,0.5832803629555734,0.30440074323132343,0.11231889381310305,0,10.12.0-audited-deleaked
MOFs_302,2,0.6373334488676086,0.30421142400431306,0.05845512712807843,0,10.12.0-audited-deleaked
MOFs_310,0,0.15834730305561295,0.43889968702766263,0.40275300991672436,1,10.12.0-audited-deleaked
MOFs_326,0,0.158420778238207,0.1386802546068904,0.7028989671549025,2,10.12.0-audited-deleaked
CurcumineMOFs_327,1,0.4546639741575079,0.14675146235450023,0.3985845634879918,0,10.12.0-audited-deleaked
CurcumineMOFs_334,0,0.23133113392633597,0.1747853440757383,0.5938835219979257,2,10.12.0-audited-deleaked
CurcumineMOFs_338,1,0.18526624593790533,0.22294824548118808,0.5917855085809065,2,10.12.0-audited-deleaked
CurcumineMOFs_339,0,0.047619634873513686,0.4234445574610908,0.5289358076653956,2,10.12.0-audited-deleaked
Organometallica_363,1,0.04608887676008959,0.7127515989632932,0.24115952427661713,1,10.12.0-audited-deleaked
Organometallica_370,1,0.048087206563695896,0.7878940080478513,0.1640187853884528,1,10.12.0-audited-deleaked
Organometallica_372,2,0.048269153505085524,0.7867454943823116,0.1649853521126028,1,10.12.0-audited-deleaked
Organometallica_373,1,0.05548947560001724,0.654272305636383,0.2902382187635997,1,10.12.0-audited-deleaked
Organometallica_380,1,0.08362514440366578,0.6938706586877746,0.22250419690855944,1,10.12.0-audited-deleaked
Organometallica_382,1,0.07372728956980694,0.7585949576154662,0.16767775281472685,1,10.12.0-audited-deleaked
Organometallica_384,1,0.05204057874437961,0.7756767317585693,0.172282689497051,1,10.12.0-audited-deleaked
Organometallica_385,1,0.21115051258929374,0.6934043448258239,0.09544514258488232,1,10.12.0-audited-deleaked
Organometallica_387,1,0.07363734112431067,0.7032806743544613,0.22308198452122796,1,10.12.0-audited-deleaked
Organometallica_389,1,0.057258250204647976,0.7305759190097489,0.21216583078560308,1,10.12.0-audited-deleaked
Organometallica_390,1,0.02145671958287017,0.831022512798877,0.14752076761825286,1,10.12.0-audited-deleaked
Organometallica_391,1,0.1407974632922151,0.6273905058944015,0.23181203081338342,1,10.12.0-audited-deleaked
Organometallica_392,1,0.03402931074918565,0.7829362704230085,0.18303441882780583,1,10.12.0-audited-deleaked
Organometallica_393,1,0.07437875351201817,0.723929256915686,0.20169198957229578,1,10.12.0-audited-deleaked
Organometallica_394,2,0.03399990600139166,0.7767638642033705,0.18923622979523774,1,10.12.0-audited-deleaked
Organometallica_396,1,0.03402931074918565,0.7829362704230085,0.18303441882780583,1,10.12.0-audited-deleaked
Organometallica_398,1,0.15837707185849725,0.6841894919160811,0.15743343622542158,1,10.12.0-audited-deleaked
Organometallica_399,2,0.12154930608448758,0.6469102838252313,0.23154041009028115,1,10.12.0-audited-deleaked
Organometallica_400,0,0.13911773567760222,0.6578113096953377,0.20307095462705993,1,10.12.0-audited-deleaked
Organometallica_401,0,0.13911411309837377,0.6571820974238862,0.20370378947773987,1,10.12.0-audited-deleaked
LitNeg_1,1,0.028477452148689634,0.2132240197155233,0.758298528135787,2,10.12.0-audited-deleaked
LitNeg_2,1,0.04161835776652707,0.07400362856817029,0.8843780136653026,2,10.12.0-audited-deleaked
LitNeg_4,1,0.0432024096464344,0.2759732077084994,0.6808243826450662,2,10.12.0-audited-deleaked
LitNeg_5,1,0.016547041732533886,0.047698064917421554,0.9357548933500446,2,10.12.0-audited-deleaked
LitNeg_6,1,0.010163599659536119,0.10092083344667463,0.8889155668937891,2,10.12.0-audited-deleaked
LitNeg_9,1,0.34219052676741385,0.15011640344391472,0.5076930697886713,2,10.12.0-audited-deleaked
LitNeg_11,1,0.0535247443982635,0.07294186923828105,0.8735333863634553,2,10.12.0-audited-deleaked
LitNeg_12,1,0.15899739943184965,0.12094095220384417,0.7200616483643062,2,10.12.0-audited-deleaked
LitNeg_13,0,0.04764728377846923,0.22654926094334987,0.7258034552781808,2,10.12.0-audited-deleaked
LitNeg_14,0,0.026305175937835903,0.17256462425421015,0.801130199807954,2,10.12.0-audited-deleaked
LitNeg2_1,1,0.05910697209281203,0.05891174876914866,0.8819812791380393,2,10.12.0-audited-deleaked
LitNeg2_4,1,0.08453555480617667,0.3916029010096071,0.5238615441842162,2,10.12.0-audited-deleaked
LitNeg2_5,1,0.15642367436639712,0.14742932643091983,0.696146999202683,2,10.12.0-audited-deleaked
LitNeg2_6,0,0.13786053644832935,0.13640125886508264,0.7257382046865881,2,10.12.0-audited-deleaked
LitNeg2_7,1,0.10512438783588224,0.38733081753342813,0.5075447946306897,2,10.12.0-audited-deleaked
LitNeg2_8,0,0.11168928519654239,0.2576004790566898,0.6307102357467678,2,10.12.0-audited-deleaked
LitNeg2_9,1,0.02484371404778946,0.19677679761508815,0.7783794883371224,2,10.12.0-audited-deleaked
LitNeg2_10,1,0.02187689190608054,0.1044187771487963,0.8737043309451231,2,10.12.0-audited-deleaked
LitNeg2_11,1,0.044093032551241,0.07060094715559215,0.8853060202931666,2,10.12.0-audited-deleaked
LitNeg2_12,1,0.07070001908719706,0.11526711017814434,0.8140328707346586,2,10.12.0-audited-deleaked
LitNeg2_13,1,0.12012481691085546,0.058049160916550054,0.8218260221725944,2,10.12.0-audited-deleaked
