Case_ID,MOF,Legante,Famiglia_Legante,Metallo,Sale_Metallico,Solvente,Additivo_Colinker,Temperatura_C,Tempo_ore,mmol_Legante,mmol_Sale,Rapporto_LM,Volume solvente,Hydration_Number,Counterion_Class,Oxidation_State,Expected_Class,Crystallinity_Evidence,Source_DOI,Encoding_Note,P_failed,P_amorphous,P_crystalline,Predicted_Class,Predicted_Label,Correct_Crystalline,Applicability_Label,Applicability_Score,Numerical_Validity_Label,Ligand_Seen_Exact,Salt_Seen_Exact,Training_Identity_Rows,P_crystalline_if_volume_missing,Predicted_if_volume_missing,Volume_Missing_Delta_Pcrystalline
LITCRYST_001,UiO-66 aqueous 4.0 mM,terephthalic acid,Carboxylate,Zr,ZrOCl2·8H2O,H2O,Acido acetico / NaOH,65,24,1.0,1.0,1.0,13.5,8,chloride,4,2,PXRD matched simulated UiO-66; reported degree of crystallinity 69.4%,10.1002/adsu.202500854,Three-stage protocol; total reaction liquid inferred from reported scale-up water consumption because the linker-solution volume is omitted in the experimental paragraph.,0.32104552292957866,0.22799941256431247,0.45095506450610895,2,crystalline,True,Intermediate / partial extrapolation,0.7,Within validated experimental range,False,True,0,0.790454046820471,crystalline,0.3394989823143621
LITCRYST_002,UiO-66 ZrCl4/DMF/H2O,terephthalic acid,Carboxylate,Zr,ZrCl4,DMF,H2O,120,24,1.0,1.0,1.0,5.0,0,chloride,4,2,PXRD-confirmed UiO-66 from fresh 0.2 M ZrCl4 in dry DMF with four equivalents of water,10.1021/acs.inorgchem.0c00991,One equivalent H2BDC; volume encoded from the reported 0.2 M ZrCl4 solution.,0.5306465281498042,0.25682806811590586,0.2125254037342899,0,failed,False,Intermediate / partial extrapolation,0.7,Within validated experimental range,False,True,0,0.671042314855178,crystalline,0.45851691112088805
LITCRYST_003,ZIF-8,2-methylimidazole,Imidazolate/azolate,Zn,Zn(NO3)2·6H2O,MeOH,Nessuno,25,1,8.0,1.0,8.0,22.6,6,nitrate,2,2,Phase-pure ZIF-8 confirmed by XRD,10.1039/C3CE42485E,Two separately prepared 11.3 mL methanol solutions encoded as 22.6 mL total.,0.12208675399262695,0.21036434731113096,0.667548898696242,2,crystalline,True,Intermediate / partial extrapolation,0.7948333333333333,Extrapolative / use with caution,True,True,3,0.811885130118477,crystalline,0.14433623142223495
LITCRYST_004,ZIF-67,2-methylimidazole,Imidazolate/azolate,Co,Co(NO3)2·6H2O,MeOH,Nessuno,25,24,8.0,1.0,8.0,26.0,6,nitrate,2,2,Purple crystalline ZIF-67 reference prepared in solvent and characterized by diffraction,10.1021/acsami.4c07877,Two separately prepared 13 mL methanol solutions; 24 h room-temperature preparation.,0.2083462288946284,0.1869692969385479,0.6046844741668236,2,crystalline,True,Intermediate / partial extrapolation,0.8006666666666666,Extrapolative / use with caution,True,True,5,0.7894876817762368,crystalline,0.18480320760941327
LITCRYST_005,HKUST-1,"benzene-1,3,5-tricarboxylic acid",Carboxylate,Cu,Cu(NO3)2·3H2O,EtOH/H2O,Nessuno,80,24,0.833,1.25,0.6664,20.0,3,nitrate,2,2,Fine crystalline HKUST-1 confirmed by XRD,10.1016/j.tca.2016.11.013,10 mL ethanolic ligand solution plus 10 mL aqueous copper solution.,0.47016070069398574,0.05869412977788197,0.4711451695281323,2,crystalline,True,Intermediate / partial extrapolation,0.7,Within validated experimental range,False,True,0,0.8302931445767816,crystalline,0.3591479750486493
LITCRYST_006,Mg-MOF-74,"2,5-dihydroxyterephthalic acid",Carboxylate,Mg,Mg(NO3)2·6H2O,DMF/EtOH/H2O,Nessuno,125,26,0.84,2.78,0.3022,76.5,6,nitrate,2,2,Crystalline Mg-MOF-74 synthesized and characterized by PXRD,10.1021/acsomega.0c01189,"67.5 mL DMF, 4.5 mL ethanol and 4.5 mL water.",0.1481527280966082,0.060050533749341974,0.7917967381540497,2,crystalline,True,Inside domain,0.9291666666666667,Within validated experimental range,True,True,0,0.9191429580533395,crystalline,0.12734621989928974
LITCRYST_007,MIL-101(Cr),terephthalic acid,Carboxylate,Cr,Cr(NO3)3·9H2O,H2O,Nessuno,220,8,5.0,5.0,1.0,50.0,9,nitrate,3,2,MIL-101(Cr) crystals isolated after hydrothermal synthesis and verified by XRD,10.1016/j.heliyon.2024.e31341,Direct one-pot hydrothermal protocol.,0.08950112147437406,0.269447596996041,0.6410512815295848,2,crystalline,True,Intermediate / partial extrapolation,0.489,Extrapolative / use with caution,False,True,0,0.8625356564527129,crystalline,0.2214843749231281
LITCRYST_008,MIL-53(Al),terephthalic acid,Carboxylate,Al,Al(NO3)3·9H2O,H2O,Nessuno,220,72,49.6,69.3,0.7157,100.0,9,nitrate,3,2,Crystalline MIL-53(Al) phase characterized by PXRD and Rietveld analysis,10.1021/jacs.9b07557,Bulk mixture divided among autoclaves; total precursor amounts and total water retained because concentration is unchanged.,0.08150155524382274,0.04004066567381535,0.8784577790823618,2,crystalline,True,Outside domain,0.3723333333333333,Outside validated experimental range,False,True,0,0.9583155789481341,crystalline,0.07985779986577235
LITCRYST_009,MOF-5,terephthalic acid,Carboxylate,Zn,Zn(NO3)2·6H2O,DMF,Nessuno,105,72,5.46,14.25,0.3832,135.0,6,nitrate,2,2,Sharp XRD reflections confirmed crystalline cubic MOF-5,10.1021/acsomega.8b02332,Multistage mother-solution protocol; encoded using the final 105 °C/72 h crystallization stage because the model accepts only one temperature and time.,0.21059578040366725,0.038899771689679286,0.7505044479066534,2,crystalline,True,Outside domain,0.3863333333333333,Outside validated experimental range,False,True,0,0.9267632824953529,crystalline,0.1762588345886995
