record_id,MOF,true_class,P_failed,P_amorphous,P_crystalline,predicted_class
LITCRYST_001,UiO-66 aqueous 4.0 mM,2,0.04679624524006528,0.19780542451568894,0.7553983302442457,2
LITCRYST_002,UiO-66 ZrCl4/DMF/H2O,2,0.09472689308896506,0.4326496895233808,0.47262341738765407,2
LITCRYST_003,ZIF-8,2,0.052424114131039506,0.17095381177300187,0.7766220740959585,2
LITCRYST_004,ZIF-67,2,0.07097226600081237,0.17352809794097213,0.7554996360582155,2
LITCRYST_005,HKUST-1,2,0.10340664442952507,0.07543529272241306,0.8211580628480619,2
LITCRYST_006,Mg-MOF-74,2,0.0435330682934196,0.03473849409070995,0.9217284376158703,2
LITCRYST_007,MIL-101(Cr),2,0.027900475620029244,0.17343893492727985,0.7986605894526909,2
LITCRYST_008,MIL-53(Al),2,0.022707931812941097,0.04213367246321956,0.9351583957238393,2
LITCRYST_009,MOF-5,2,0.06851487242571999,0.03885164708024602,0.892633480494034,2
