Case_ID,MOF,Legante,Famiglia_Legante,Metallo,Sale_Metallico,Solvente,Additivo_Colinker,Temperatura_C,Tempo_ore,mmol_Legante,mmol_Sale,Rapporto_LM,Volume solvente,Hydration_Number,Counterion_Class,Oxidation_State,Expected_Class,Crystallinity_Evidence,Source_DOI,Encoding_Note
LITCRYST_001,UiO-66 aqueous 4.0 mM,terephthalic acid,Carboxylate,Zr,ZrOCl2·8H2O,H2O,Acido acetico / NaOH,65,24,1,1,1,13.5,8,chloride,4,2,PXRD matched simulated UiO-66; reported degree of crystallinity 69.4%,10.1002/adsu.202500854,"Three-stage protocol; total reaction liquid inferred from reported scale-up water consumption because the linker-solution volume is omitted in the experimental paragraph."
LITCRYST_002,UiO-66 ZrCl4/DMF/H2O,terephthalic acid,Carboxylate,Zr,ZrCl4,DMF,H2O,120,24,1,1,1,5,0,chloride,4,2,PXRD-confirmed UiO-66 from fresh 0.2 M ZrCl4 in dry DMF with four equivalents of water,10.1021/acs.inorgchem.0c00991,"One equivalent H2BDC; volume encoded from the reported 0.2 M ZrCl4 solution."
LITCRYST_003,ZIF-8,2-methylimidazole,Imidazolate/azolate,Zn,Zn(NO3)2·6H2O,MeOH,Nessuno,25,1,8,1,8,22.6,6,nitrate,2,2,Phase-pure ZIF-8 confirmed by XRD,10.1039/C3CE42485E,"Two separately prepared 11.3 mL methanol solutions encoded as 22.6 mL total."
LITCRYST_004,ZIF-67,2-methylimidazole,Imidazolate/azolate,Co,Co(NO3)2·6H2O,MeOH,Nessuno,25,24,8,1,8,26,6,nitrate,2,2,Purple crystalline ZIF-67 reference prepared in solvent and characterized by diffraction,10.1021/acsami.4c07877,"Two separately prepared 13 mL methanol solutions; 24 h room-temperature preparation."
LITCRYST_005,HKUST-1,"benzene-1,3,5-tricarboxylic acid",Carboxylate,Cu,Cu(NO3)2·3H2O,EtOH/H2O,Nessuno,80,24,0.833,1.25,0.6664,20,3,nitrate,2,2,Fine crystalline HKUST-1 confirmed by XRD,10.1016/j.tca.2016.11.013,"10 mL ethanolic ligand solution plus 10 mL aqueous copper solution."
LITCRYST_006,Mg-MOF-74,"2,5-dihydroxyterephthalic acid",Carboxylate,Mg,Mg(NO3)2·6H2O,DMF/EtOH/H2O,Nessuno,125,26,0.84,2.78,0.3022,76.5,6,nitrate,2,2,Crystalline Mg-MOF-74 synthesized and characterized by PXRD,10.1021/acsomega.0c01189,"67.5 mL DMF, 4.5 mL ethanol and 4.5 mL water."
LITCRYST_007,MIL-101(Cr),terephthalic acid,Carboxylate,Cr,Cr(NO3)3·9H2O,H2O,Nessuno,220,8,5,5,1,50,9,nitrate,3,2,MIL-101(Cr) crystals isolated after hydrothermal synthesis and verified by XRD,10.1016/j.heliyon.2024.e31341,"Direct one-pot hydrothermal protocol."
LITCRYST_008,MIL-53(Al),terephthalic acid,Carboxylate,Al,Al(NO3)3·9H2O,H2O,Nessuno,220,72,49.6,69.3,0.7157,100,9,nitrate,3,2,Crystalline MIL-53(Al) phase characterized by PXRD and Rietveld analysis,10.1021/jacs.9b07557,"Bulk mixture divided among autoclaves; total precursor amounts and total water retained because concentration is unchanged."
LITCRYST_009,MOF-5,terephthalic acid,Carboxylate,Zn,Zn(NO3)2·6H2O,DMF,Nessuno,105,72,5.46,14.25,0.3832,135,6,nitrate,2,2,Sharp XRD reflections confirmed crystalline cubic MOF-5,10.1021/acsomega.8b02332,"Multistage mother-solution protocol; encoded using the final 105 °C/72 h crystallization stage because the model accepts only one temperature and time."
