Sample#,SampleID,Metal,Linker,AA Conc,Temp,first_hetero_h,first_solid_h,first_hetero_or_solid_h,Primary Phase,Secondary Phase
1,MG2-75-01,Sc,BDC,0,80,0,0,0,no solid product,n/a
2,MG2-75-02,Sc,Phthalic,0,80,,,,no solid product,n/a
3,MG2-75-03,Sc,Isophthalic,0,80,,,,no solid product,n/a
4,MG2-75-04,Sc,BTC,0,80,0.019,0.019,0.019,no crystalline product,n/a
5,MG2-75-05,Sc,Trimellitic,0,80,0.026,0.026,0.026,no crystalline product,n/a
6,MG2-75-06,Sc,Pyromellitic,0,80,0.031,10.03,0.031,DEJJEK,n/a
7,MG2-75-07,Sc,Mellitic,0,80,0.039,0.039,0.039,no crystalline product,NCP
8,MG2-75-08,Sc,BDC,2,80,,,,no solid product,n/a
9,MG2-75-09,Sc,Phthalic,2,80,,,,no solid product,n/a
10,MG2-75-10,Sc,Isophthalic,2,80,,,,no solid product,n/a
11,MG2-75-11,Sc,BTC,2,80,0.064,0.064,0.064,NU-2502,n/a
12,MG2-75-12,Sc,Trimellitic,2,80,,,,no solid product,n/a
13,MG2-75-13,Sc,Pyromellitic,2,80,0.077,0.077,0.077,DEJJEK,n/a
14,MG2-75-14,Sc,Mellitic,2,80,0.083,0.083,0.083,no crystalline product,NCP
15,MG2-75-15,Sc,BDC,5,80,19.088,,19.088,no solid product,n/a
16,MG2-75-16,Sc,Phthalic,5,80,19.094,,19.094,no solid product,n/a
17,MG2-75-17,Sc,Isophthalic,5,80,19.1,,19.1,no solid product,n/a
18,MG2-75-18,Sc,BTC,5,80,0.109,0.109,0.109,NU-2502,n/a
19,MG2-75-19,Sc,Trimellitic,5,80,19.112,,19.112,no solid product,n/a
20,MG2-75-20,Sc,Pyromellitic,5,80,0.122,1.213,0.122,DEJJEK,n/a
21,MG2-75-21,Sc,Mellitic,5,80,0.128,0.676,0.128,no crystalline product,NCP
22,MG2-75-22,Sc,BDC,10,80,19.131,,19.131,no solid product,n/a
23,MG2-75-23,Sc,Phthalic,10,80,19.138,,19.138,no solid product,n/a
24,MG2-75-24,Sc,Isophthalic,10,80,19.144,,19.144,no solid product,n/a
25,MG2-75-25,Sc,BTC,10,80,1.247,4.153,1.247,NU-2502,n/a
26,MG2-75-26,Sc,Trimellitic,10,80,19.158,,19.158,no solid product,n/a
27,MG2-75-27,Sc,Pyromellitic,10,80,0.166,0.166,0.166,DEJJEK,n/a
28,MG2-75-28,Sc,Mellitic,10,80,0.173,0.173,0.173,no crystalline product,NCP
29,MG2-75-29,Y,BDC,0,80,,,,no solid product,n/a
30,MG2-75-30,Y,Phthalic,0,80,,,,no solid product,n/a
31,MG2-75-31,Y,Isophthalic,0,80,,,,no solid product,n/a
32,MG2-75-32,Y,BTC,0,80,0.744,0.744,0.744,BEVSUR,n/a
33,MG2-75-33,Y,Trimellitic,0,80,0.751,0.751,0.751,VOYWUB,n/a
34,MG2-75-34,Y,Pyromellitic,0,80,19.21,2.208,2.208,UZATAR,n/a
35,MG2-75-35,Y,Mellitic,0,80,0.217,0.217,0.217,unknown phase,n/a
36,MG2-75-36,Y,BDC,2,80,,,,no solid product,n/a
37,MG2-75-37,Y,Phthalic,2,80,19.229,,19.229,no solid product,n/a
38,MG2-75-38,Y,Isophthalic,2,80,,,,no solid product,n/a
39,MG2-75-39,Y,BTC,2,80,19.242,19.242,19.242,BEVSUR,n/a
40,MG2-75-40,Y,Trimellitic,2,80,0.796,1.341,0.796,VOYWUB,n/a
41,MG2-75-41,Y,Pyromellitic,2,80,,2.252,2.252,UZATAR,unknown phase
42,MG2-75-42,Y,Mellitic,2,80,0.261,0.261,0.261,unknown phase,n/a
43,MG2-75-43,Y,BDC,5,80,19.268,,19.268,no solid product,n/a
44,MG2-75-44,Y,Phthalic,5,80,19.274,,19.274,no solid product,n/a
45,MG2-75-45,Y,Isophthalic,5,80,19.281,,19.281,no solid product,n/a
46,MG2-75-46,Y,BTC,5,80,19.287,19.287,19.287,BEVSUR,n/a
47,MG2-75-47,Y,Trimellitic,5,80,4.294,6.291,4.294,VOYWUB,n/a
48,MG2-75-48,Y,Pyromellitic,5,80,,2.297,2.297,UZATAR,n/a
49,MG2-75-49,Y,Mellitic,5,80,0.306,0.306,0.306,unknown phase,n/a
50,MG2-75-50,Y,BDC,10,80,,,,no solid product,n/a
51,MG2-75-51,Y,Phthalic,10,80,19.319,,19.319,no solid product,n/a
52,MG2-75-52,Y,Isophthalic,10,80,19.326,,19.326,no solid product,n/a
53,MG2-75-53,Y,BTC,10,80,19.333,19.333,19.333,BEVSUR,NU-2503
54,MG2-75-54,Y,Trimellitic,10,80,19.339,19.339,19.339,VOYWUB,n/a
55,MG2-75-55,Y,Pyromellitic,10,80,19.346,19.346,19.346,UZATAR,unknown phase
56,MG2-75-56,Y,Mellitic,10,80,0.352,0.352,0.352,unknown phase,n/a
57,MG2-75-57,La,BDC,0,80,,,,no solid product,n/a
58,MG2-75-58,La,Phthalic,0,80,,,,no solid product,n/a
59,MG2-75-59,La,Isophthalic,0,80,,,,no solid product,n/a
60,MG2-75-60,La,BTC,0,80,0.378,0.378,0.378,KEBSOA,n/a
61,MG2-75-61,La,Trimellitic,0,80,0.384,0.384,0.384,UTONAT,n/a
62,MG2-75-62,La,Pyromellitic,0,80,0.391,0.391,0.391,RIVSOH,n/a
63,MG2-75-63,La,Mellitic,0,80,,0.397,0.397,HAPTOJ,n/a
64,MG2-75-64,La,BDC,2,80,,,,no solid product,n/a
65,MG2-75-65,La,Phthalic,2,80,,,,no solid product,n/a
66,MG2-75-66,La,Isophthalic,2,80,,,,no solid product,n/a
67,MG2-75-67,La,BTC,2,80,0.422,0.422,0.422,KEBSOA,n/a
68,MG2-75-68,La,Trimellitic,2,80,0.429,0.974,0.429,UTONAT,n/a
69,MG2-75-69,La,Pyromellitic,2,80,0.436,0.436,0.436,RIVSOH,n/a
70,MG2-75-70,La,Mellitic,2,80,,0.441,0.441,HAPTOJ,n/a
71,MG2-75-71,La,BDC,5,80,,19.448,19.448,no solid product,n/a
72,MG2-75-72,La,Phthalic,5,80,,,,no solid product,n/a
73,MG2-75-73,La,Isophthalic,5,80,19.46,,19.46,no solid product,n/a
74,MG2-75-74,La,BTC,5,80,0.467,0.467,0.467,KEBSOA,n/a
75,MG2-75-75,La,Trimellitic,5,80,1.018,1.018,1.018,UTONAT,n/a
76,MG2-75-76,La,Pyromellitic,5,80,0.481,0.481,0.481,RIVSOH,n/a
77,MG2-75-77,La,Mellitic,5,80,0.487,0.487,0.487,NACKOT,n/a
78,MG2-75-78,La,BDC,10,80,,,,no solid product,n/a
79,MG2-75-79,La,Phthalic,10,80,19.499,19.499,19.499,no solid product,n/a
80,MG2-75-80,La,Isophthalic,10,80,19.505,,19.505,no solid product,n/a
81,MG2-75-81,La,BTC,10,80,0.513,0.513,0.513,KEBSOA,n/a
82,MG2-75-82,La,Trimellitic,10,80,2.512,4.515,2.512,UTONAT,n/a
83,MG2-75-83,La,Pyromellitic,10,80,0.526,0.526,0.526,RIVSOH,n/a
84,MG2-75-84,La,Mellitic,10,80,19.53,1.076,1.076,HAPTOJ,n/a
85,MG2-76-01,Ce,BDC,0,80,,18.997,18.997,no solid product,n/a
86,MG2-76-02,Ce,Phthalic,0,80,,,,no solid product,n/a
87,MG2-76-03,Ce,Isophthalic,0,80,,,,no solid product,n/a
88,MG2-76-04,Ce,BTC,0,80,0.565,0.02,0.02,YIMRUL,n/a
89,MG2-76-05,Ce,Trimellitic,0,80,0.026,0.026,0.026,UTONAT,n/a
90,MG2-76-06,Ce,Pyromellitic,0,80,0.034,0.034,0.034,RIVSOH,n/a
91,MG2-76-07,Ce,Mellitic,0,80,19.035,0.039,0.039,HAPTOJ,n/a
92,MG2-76-08,Ce,BDC,2,80,,,,no solid product,n/a
93,MG2-76-09,Ce,Phthalic,2,80,,,,no solid product,n/a
94,MG2-76-10,Ce,Isophthalic,2,80,,0.059,0.059,no solid product,n/a
95,MG2-76-11,Ce,BTC,2,80,0.609,0.065,0.065,YIMRUL,n/a
96,MG2-76-12,Ce,Trimellitic,2,80,0.616,0.616,0.616,UTONAT,n/a
97,MG2-76-13,Ce,Pyromellitic,2,80,0.078,0.078,0.078,RIVSOH,n/a
98,MG2-76-14,Ce,Mellitic,2,80,0.084,0.084,0.084,HAPTOJ,n/a
99,MG2-76-15,Ce,BDC,5,80,,,,no solid product,n/a
100,MG2-76-16,Ce,Phthalic,5,80,,,,no solid product,n/a
101,MG2-76-17,Ce,Isophthalic,5,80,,,,no solid product,n/a
102,MG2-76-18,Ce,BTC,5,80,0.653,0.653,0.653,YIMRUL,n/a
103,MG2-76-19,Ce,Trimellitic,5,80,0.66,0.66,0.66,UTONAT,n/a
104,MG2-76-20,Ce,Pyromellitic,5,80,0.122,0.122,0.122,RIVSOH,n/a
105,MG2-76-21,Ce,Mellitic,5,80,0.13,0.13,0.13,HAPTOJ,n/a
106,MG2-76-22,Ce,BDC,10,80,19.13,,19.13,no solid product,n/a
107,MG2-76-23,Ce,Phthalic,10,80,19.136,,19.136,no solid product,n/a
108,MG2-76-24,Ce,Isophthalic,10,80,,,,no solid product,n/a
109,MG2-76-25,Ce,BTC,10,80,0.155,0.155,0.155,YIMRUL,n/a
110,MG2-76-26,Ce,Trimellitic,10,80,2.158,2.158,2.158,UTONAT,n/a
111,MG2-76-27,Ce,Pyromellitic,10,80,0.169,0.169,0.169,RIVSOH,n/a
112,MG2-76-28,Ce,Mellitic,10,80,0.174,0.174,0.174,HAPTOJ,n/a
113,MG2-76-29,Pr,BDC,0,80,6.178,,6.178,no solid product,n/a
114,MG2-76-30,Pr,Phthalic,0,80,,19.181,19.181,no solid product,n/a
115,MG2-76-31,Pr,Isophthalic,0,80,,,,no solid product,n/a
116,MG2-76-32,Pr,BTC,0,80,0.199,0.199,0.199,YIMRUL,n/a
117,MG2-76-33,Pr,Trimellitic,0,80,0.205,0.748,0.205,UTONAT,n/a
118,MG2-76-34,Pr,Pyromellitic,0,80,0.212,0.212,0.212,RIVSOH,n/a
119,MG2-76-35,Pr,Mellitic,0,80,1.31,0.218,0.218,HAPTOJ,n/a
120,MG2-76-36,Pr,BDC,2,80,,,,no solid product,n/a
121,MG2-76-37,Pr,Phthalic,2,80,19.224,,19.224,no solid product,n/a
122,MG2-76-38,Pr,Isophthalic,2,80,19.232,,19.232,no solid product,n/a
123,MG2-76-39,Pr,BTC,2,80,0.244,0.244,0.244,YIMRUL,n/a
124,MG2-76-40,Pr,Trimellitic,2,80,0.251,0.251,0.251,UTONAT,n/a
125,MG2-76-41,Pr,Pyromellitic,2,80,0.257,0.257,0.257,RIVSOH,n/a
126,MG2-76-42,Pr,Mellitic,2,80,2.259,0.264,0.264,HAPTOJ,n/a
127,MG2-76-43,Pr,BDC,5,80,19.264,,19.264,no solid product,n/a
128,MG2-76-44,Pr,Phthalic,5,80,19.271,,19.271,no solid product,n/a
129,MG2-76-45,Pr,Isophthalic,5,80,,,,no solid product,n/a
130,MG2-76-46,Pr,BTC,5,80,0.29,0.29,0.29,YIMRUL,n/a
131,MG2-76-47,Pr,Trimellitic,5,80,0.839,0.839,0.839,UTONAT,n/a
132,MG2-76-48,Pr,Pyromellitic,5,80,0.303,0.303,0.303,RIVSOH,n/a
133,MG2-76-49,Pr,Mellitic,5,80,0.309,0.309,0.309,HAPTOJ,n/a
134,MG2-76-50,Pr,BDC,10,80,19.31,,19.31,no solid product,n/a
135,MG2-76-51,Pr,Phthalic,10,80,19.316,,19.316,no solid product,n/a
136,MG2-76-52,Pr,Isophthalic,10,80,19.322,,19.322,no solid product,n/a
137,MG2-76-53,Pr,BTC,10,80,0.334,0.334,0.334,YIMRUL,n/a
138,MG2-76-54,Pr,Trimellitic,10,80,2.335,4.337,2.335,UTONAT,unknown phase
139,MG2-76-55,Pr,Pyromellitic,10,80,0.347,0.889,0.347,RIVSOH,n/a
140,MG2-76-56,Pr,Mellitic,10,80,0.353,0.353,0.353,HAPTOJ,n/a
141,MG2-76-57,Nd,BDC,0,80,,2.354,2.354,no solid product,n/a
142,MG2-76-58,Nd,Phthalic,0,80,,,,no solid product,n/a
143,MG2-76-59,Nd,Isophthalic,0,80,,,,no solid product,n/a
144,MG2-76-60,Nd,BTC,0,80,0.921,0.378,0.378,YIMRUL,n/a
145,MG2-76-61,Nd,Trimellitic,0,80,0.386,0.929,0.386,UTONAT,n/a
146,MG2-76-62,Nd,Pyromellitic,0,80,0.392,0.935,0.392,RIVSOH,n/a
147,MG2-76-63,Nd,Mellitic,0,80,0.941,0.941,0.941,HAPTOJ,unknown phase
148,MG2-76-64,Nd,BDC,2,80,,,,no solid product,n/a
149,MG2-76-65,Nd,Phthalic,2,80,,,,no solid product,n/a
150,MG2-76-66,Nd,Isophthalic,2,80,,,,no solid product,n/a
151,MG2-76-67,Nd,BTC,2,80,0.422,0.422,0.422,YIMRUL,n/a
152,MG2-76-68,Nd,Trimellitic,2,80,0.429,0.429,0.429,UTONAT,n/a
153,MG2-76-69,Nd,Pyromellitic,2,80,0.436,0.436,0.436,RIVSOH,n/a
154,MG2-76-70,Nd,Mellitic,2,80,,0.985,0.985,NACKOT01,n/a
155,MG2-76-71,Nd,BDC,5,80,,,,no solid product,n/a
156,MG2-76-72,Nd,Phthalic,5,80,,,,no solid product,n/a
157,MG2-76-73,Nd,Isophthalic,5,80,,,,no solid product,n/a
158,MG2-76-74,Nd,BTC,5,80,0.468,1.011,0.468,YIMRUL,n/a
159,MG2-76-75,Nd,Trimellitic,5,80,1.017,1.017,1.017,UTONAT,n/a
160,MG2-76-76,Nd,Pyromellitic,5,80,0.481,0.481,0.481,RIVSOH,n/a
161,MG2-76-77,Nd,Mellitic,5,80,,1.576,1.576,HAPTOJ,n/a
162,MG2-76-78,Nd,BDC,10,80,,,,no solid product,n/a
163,MG2-76-79,Nd,Phthalic,10,80,19.495,1.044,1.044,no solid product,n/a
164,MG2-76-80,Nd,Isophthalic,10,80,,,,no solid product,n/a
165,MG2-76-81,Nd,BTC,10,80,0.512,0.512,0.512,YIMRUL,n/a
166,MG2-76-82,Nd,Trimellitic,10,80,2.512,0.519,0.519,UTONAT,unknown phase
167,MG2-76-83,Nd,Pyromellitic,10,80,0.525,0.525,0.525,RIVSOH,n/a
168,MG2-76-84,Nd,Mellitic,10,80,19.529,1.075,1.075,HAPTOJ,n/a
169,MG2-77-01,Sm,BDC,0,80,3.998,1.998,1.998,no solid product,n/a
170,MG2-77-02,Sm,Phthalic,0,80,19.004,,19.004,no solid product,n/a
171,MG2-77-03,Sm,Isophthalic,0,80,,,,no solid product,n/a
172,MG2-77-04,Sm,BTC,0,80,0.019,0.019,0.019,RAVJUV,n/a
173,MG2-77-05,Sm,Trimellitic,0,80,0.026,0.026,0.026,ROWZEM,n/a
174,MG2-77-06,Sm,Pyromellitic,0,80,0.577,0.032,0.032,RIVSOH,n/a
175,MG2-77-07,Sm,Mellitic,0,80,19.036,0.039,0.039,NACKOT01,n/a
176,MG2-77-08,Sm,BDC,2,80,,,,no solid product,n/a
177,MG2-77-09,Sm,Phthalic,2,80,,,,no solid product,n/a
178,MG2-77-10,Sm,Isophthalic,2,80,,,,no solid product,n/a
179,MG2-77-11,Sm,BTC,2,80,0.063,0.063,0.063,RAVJUV,n/a
180,MG2-77-12,Sm,Trimellitic,2,80,0.616,0.616,0.616,UTONAT,VOYWUB
181,MG2-77-13,Sm,Pyromellitic,2,80,0.076,0.076,0.076,RIVSOH_011,unknown phase
182,MG2-77-14,Sm,Mellitic,2,80,19.08,0.083,0.083,NACKOT,n/a
183,MG2-77-15,Sm,BDC,5,80,19.088,,19.088,no solid product,n/a
184,MG2-77-16,Sm,Phthalic,5,80,19.094,,19.094,no solid product,n/a
185,MG2-77-17,Sm,Isophthalic,5,80,,,,no solid product,n/a
186,MG2-77-18,Sm,BTC,5,80,0.108,0.108,0.108,RAVJUV,n/a
187,MG2-77-19,Sm,Trimellitic,5,80,0.66,0.114,0.114,UTONAT,SEVWEV
188,MG2-77-20,Sm,Pyromellitic,5,80,0.666,0.666,0.666,RIVSOH_011,unknown phase
189,MG2-77-21,Sm,Mellitic,5,80,0.128,0.128,0.128,NACKOT,unknown phase
190,MG2-77-22,Sm,BDC,10,80,19.133,,19.133,no solid product,n/a
191,MG2-77-23,Sm,Phthalic,10,80,19.139,0.141,0.141,no solid product,n/a
192,MG2-77-24,Sm,Isophthalic,10,80,19.145,,19.145,no solid product,n/a
193,MG2-77-25,Sm,BTC,10,80,19.152,0.154,0.154,YIMRUL,n/a
194,MG2-77-26,Sm,Trimellitic,10,80,4.157,4.157,4.157,ROWZEM,UTONAT
195,MG2-77-27,Sm,Pyromellitic,10,80,1.257,1.257,1.257,RIVSOH_011,unknown phase
196,MG2-77-28,Sm,Mellitic,10,80,0.172,0.172,0.172,NACKOT01,n/a
197,MG2-77-29,Eu,BDC,0,80,,,,no solid product,n/a
198,MG2-77-30,Eu,Phthalic,0,80,,,,no solid product,n/a
199,MG2-77-31,Eu,Isophthalic,0,80,19.19,,19.19,no solid product,n/a
200,MG2-77-32,Eu,BTC,0,80,0.198,0.198,0.198,CAQFEI,n/a
201,MG2-77-33,Eu,Trimellitic,0,80,0.205,0.751,0.205,ROWZEM,n/a
202,MG2-77-34,Eu,Pyromellitic,0,80,0.211,0.211,0.211,RIVSOH_011,unknown phase
203,MG2-77-35,Eu,Mellitic,0,80,0.218,0.218,0.218,NACKOT01,unknown phase
204,MG2-77-36,Eu,BDC,2,80,,,,no solid product,n/a
205,MG2-77-37,Eu,Phthalic,2,80,,,,no solid product,n/a
206,MG2-77-38,Eu,Isophthalic,2,80,,,,no solid product,n/a
207,MG2-77-39,Eu,BTC,2,80,0.243,0.243,0.243,CAQFEI,n/a
208,MG2-77-40,Eu,Trimellitic,2,80,0.795,0.795,0.795,VOYWUB,n/a
209,MG2-77-41,Eu,Pyromellitic,2,80,0.802,0.802,0.802,RIVSOH_011,unknown phase
210,MG2-77-42,Eu,Mellitic,2,80,0.262,1.352,0.262,NACKOT01,TUMGUD
211,MG2-77-43,Eu,BDC,5,80,,,,no solid product,n/a
212,MG2-77-44,Eu,Phthalic,5,80,19.273,,19.273,no solid product,n/a
213,MG2-77-45,Eu,Isophthalic,5,80,19.279,,19.279,no solid product,n/a
214,MG2-77-46,Eu,BTC,5,80,0.287,0.287,0.287,CAQFEI,n/a
215,MG2-77-47,Eu,Trimellitic,5,80,0.841,2.292,0.841,ROWZEM,UTONAT
216,MG2-77-48,Eu,Pyromellitic,5,80,0.3,0.3,0.3,RIVSOH_011,unknown phase
217,MG2-77-49,Eu,Mellitic,5,80,19.305,0.306,0.306,NACKOT01,TUMGUD
218,MG2-77-50,Eu,BDC,10,80,19.311,,19.311,no solid product,n/a
219,MG2-77-51,Eu,Phthalic,10,80,19.318,,19.318,no solid product,n/a
220,MG2-77-52,Eu,Isophthalic,10,80,19.324,,19.324,no solid product,n/a
221,MG2-77-53,Eu,BTC,10,80,2.329,1.424,1.424,CAQFEI,n/a
222,MG2-77-54,Eu,Trimellitic,10,80,6.337,6.337,6.337,ROWZEM,n/a
223,MG2-77-55,Eu,Pyromellitic,10,80,0.344,0.89,0.344,RIVSOH_011,unknown phase
224,MG2-77-56,Eu,Mellitic,10,80,0.351,0.351,0.351,GANGUZ,TUMGUD
225,MG2-77-57,Gd,BDC,0,80,19.356,19.356,19.356,no solid product,n/a
226,MG2-77-58,Gd,Phthalic,0,80,,,,no solid product,n/a
227,MG2-77-59,Gd,Isophthalic,0,80,,,,no solid product,n/a
228,MG2-77-60,Gd,BTC,0,80,0.377,0.377,0.377,CAQFEI,n/a
229,MG2-77-61,Gd,Trimellitic,0,80,0.383,0.383,0.383,ROWZEM,n/a
230,MG2-77-62,Gd,Pyromellitic,0,80,0.389,0.389,0.389,unknown phase,n/a
231,MG2-77-63,Gd,Mellitic,0,80,0.396,0.396,0.396,TUMGUD,n/a
232,MG2-77-64,Gd,BDC,2,80,,,,no solid product,n/a
233,MG2-77-65,Gd,Phthalic,2,80,,6.407,6.407,no solid product,n/a
234,MG2-77-66,Gd,Isophthalic,2,80,,,,no solid product,n/a
235,MG2-77-67,Gd,BTC,2,80,0.422,0.422,0.422,CAQFEI,n/a
236,MG2-77-68,Gd,Trimellitic,2,80,0.973,0.973,0.973,ROWZEM,n/a
237,MG2-77-69,Gd,Pyromellitic,2,80,1.525,1.525,1.525,RIVSOH_011,unknown phase
238,MG2-77-70,Gd,Mellitic,2,80,0.44,0.44,0.44,TUMGUD,n/a
239,MG2-77-71,Gd,BDC,5,80,,,,no solid product,n/a
240,MG2-77-72,Gd,Phthalic,5,80,19.452,,19.452,no solid product,n/a
241,MG2-77-73,Gd,Isophthalic,5,80,19.458,,19.458,no solid product,n/a
242,MG2-77-74,Gd,BTC,5,80,0.466,1.012,0.466,CAQFEI,n/a
243,MG2-77-75,Gd,Trimellitic,5,80,1.019,1.563,1.019,ROWZEM,n/a
244,MG2-77-76,Gd,Pyromellitic,5,80,0.479,1.025,0.479,RIVSOH_011,n/a
245,MG2-77-77,Gd,Mellitic,5,80,0.484,0.484,0.484,ZOMKAP02,n/a
246,MG2-77-78,Gd,BDC,10,80,,,,no solid product,n/a
247,MG2-77-79,Gd,Phthalic,10,80,19.496,19.496,19.496,no solid product,n/a
248,MG2-77-80,Gd,Isophthalic,10,80,19.502,,19.502,no solid product,n/a
249,MG2-77-81,Gd,BTC,10,80,10.509,0.511,0.511,CAQFEI,n/a
250,MG2-77-82,Gd,Trimellitic,10,80,4.51,10.515,4.51,ROWZEM,n/a
251,MG2-77-83,Gd,Pyromellitic,10,80,1.07,1.07,1.07,RIVSOH_011,unknown phase
252,MG2-77-84,Gd,Mellitic,10,80,19.528,0.531,0.531,ZOMKAP02,n/a
253,MG2-78-01,Tb,BDC,0,80,,18.999,18.999,no solid product,n/a
254,MG2-78-02,Tb,Phthalic,0,80,,,,no solid product,n/a
255,MG2-78-03,Tb,Isophthalic,0,80,,,,no solid product,n/a
256,MG2-78-04,Tb,BTC,0,80,0.019,0.019,0.019,CAQFEI,BEVSUR
257,MG2-78-05,Tb,Trimellitic,0,80,0.574,0.574,0.574,VOYWUB,n/a
258,MG2-78-06,Tb,Pyromellitic,0,80,,0.58,0.58,unknown phase,n/a
259,MG2-78-07,Tb,Mellitic,0,80,0.039,0.039,0.039,ZOMKAP02,n/a
260,MG2-78-08,Tb,BDC,2,80,,,,no solid product,n/a
261,MG2-78-09,Tb,Phthalic,2,80,,,,no solid product,n/a
262,MG2-78-10,Tb,Isophthalic,2,80,,,,no solid product,n/a
263,MG2-78-11,Tb,BTC,2,80,0.065,0.065,0.065,RAVJUV,BEVSUR
264,MG2-78-12,Tb,Trimellitic,2,80,0.618,1.164,0.618,VOYWUB,n/a
265,MG2-78-13,Tb,Pyromellitic,2,80,2.074,2.074,2.074,NU-2504,unknown phase
266,MG2-78-14,Tb,Mellitic,2,80,4.083,0.085,0.085,ZOMKAP02,n/a
267,MG2-78-15,Tb,BDC,5,80,,,,no solid product,n/a
268,MG2-78-16,Tb,Phthalic,5,80,,,,no solid product,n/a
269,MG2-78-17,Tb,Isophthalic,5,80,,,,no solid product,n/a
270,MG2-78-18,Tb,BTC,5,80,,,,CAQFEI,BEVSUR
271,MG2-78-19,Tb,Trimellitic,5,80,2.113,1.209,1.209,ROWZEM,n/a
272,MG2-78-20,Tb,Pyromellitic,5,80,,1.215,1.215,RIVSOH_011,unknown phase
273,MG2-78-21,Tb,Mellitic,5,80,0.129,0.129,0.129,ZOMKAP02,n/a
274,MG2-78-22,Tb,BDC,10,80,,,,no solid product,n/a
275,MG2-78-23,Tb,Phthalic,10,80,,,,no solid product,n/a
276,MG2-78-24,Tb,Isophthalic,10,80,19.147,,19.147,no solid product,n/a
277,MG2-78-25,Tb,BTC,10,80,19.154,19.154,19.154,CAQFEI,n/a
278,MG2-78-26,Tb,Trimellitic,10,80,4.16,4.16,4.16,VOYWUB,n/a
279,MG2-78-27,Tb,Pyromellitic,10,80,4.166,2.163,2.163,RIVSOH_011,unknown phase
280,MG2-78-28,Tb,Mellitic,10,80,0.173,0.173,0.173,ZOMKAP02,n/a
281,MG2-78-29,Dy,BDC,0,80,,,,no solid product,n/a
282,MG2-78-30,Dy,Phthalic,0,80,,,,no solid product,n/a
283,MG2-78-31,Dy,Isophthalic,0,80,,,,no solid product,n/a
284,MG2-78-32,Dy,BTC,0,80,0.199,0.199,0.199,BEVSUR,CAQFEI
285,MG2-78-33,Dy,Trimellitic,0,80,0.751,0.751,0.751,VOYWUB,n/a
286,MG2-78-34,Dy,Pyromellitic,0,80,0.757,0.757,0.757,UZATAR,n/a
287,MG2-78-35,Dy,Mellitic,0,80,0.219,0.219,0.219,LAXGOH01,n/a
288,MG2-78-36,Dy,BDC,2,80,,,,no solid product,n/a
289,MG2-78-37,Dy,Phthalic,2,80,,,,no solid product,n/a
290,MG2-78-38,Dy,Isophthalic,2,80,,,,no solid product,n/a
291,MG2-78-39,Dy,BTC,2,80,,0.79,0.79,BEVSUR,CAQFEI
292,MG2-78-40,Dy,Trimellitic,2,80,1.342,1.342,1.342,VOYWUB,n/a
293,MG2-78-41,Dy,Pyromellitic,2,80,19.256,0.804,0.804,NU-2504,unknown phase
294,MG2-78-42,Dy,Mellitic,2,80,0.262,0.262,0.262,LAXGOH01,n/a
295,MG2-78-43,Dy,BDC,5,80,19.269,,19.269,no solid product,n/a
296,MG2-78-44,Dy,Phthalic,5,80,19.275,,19.275,no solid product,n/a
297,MG2-78-45,Dy,Isophthalic,5,80,19.282,,19.282,no solid product,n/a
298,MG2-78-46,Dy,BTC,5,80,,19.288,19.288,BEVSUR,n/a
299,MG2-78-47,Dy,Trimellitic,5,80,4.296,4.296,4.296,ROWZEM,n/a
300,MG2-78-48,Dy,Pyromellitic,5,80,,,,NU-2504,n/a
301,MG2-78-49,Dy,Mellitic,5,80,0.308,0.308,0.308,CUDQOL01,n/a
302,MG2-78-50,Dy,BDC,10,80,19.314,,19.314,no solid product,n/a
303,MG2-78-51,Dy,Phthalic,10,80,19.321,,19.321,no solid product,n/a
304,MG2-78-52,Dy,Isophthalic,10,80,19.327,,19.327,no solid product,n/a
305,MG2-78-53,Dy,BTC,10,80,,19.334,19.334,BEVSUR,NU-2503
306,MG2-78-54,Dy,Trimellitic,10,80,10.34,1.432,1.432,VOYWUB,n/a
307,MG2-78-55,Dy,Pyromellitic,10,80,19.348,19.348,19.348,NU-2504,unknown phase
308,MG2-78-56,Dy,Mellitic,10,80,0.352,0.352,0.352,LAXGOH01,n/a
309,MG2-78-57,Ho,BDC,0,80,,,,no solid product,n/a
310,MG2-78-58,Ho,Phthalic,0,80,,,,no solid product,n/a
311,MG2-78-59,Ho,Isophthalic,0,80,,,,no solid product,n/a
312,MG2-78-60,Ho,BTC,0,80,0.377,0.925,0.377,BEVSUR,n/a
313,MG2-78-61,Ho,Trimellitic,0,80,0.384,0.384,0.384,VOYWUB,n/a
314,MG2-78-62,Ho,Pyromellitic,0,80,0.39,0.39,0.39,UZATAR,unknown phase
315,MG2-78-63,Ho,Mellitic,0,80,0.397,19.396,0.397,ZOMKAP02,unknown phase
316,MG2-78-64,Ho,BDC,2,80,,,,no solid product,n/a
317,MG2-78-65,Ho,Phthalic,2,80,,,,no solid product,n/a
318,MG2-78-66,Ho,Isophthalic,2,80,,,,no solid product,n/a
319,MG2-78-67,Ho,BTC,2,80,,,,BEVSUR,unknown phase
320,MG2-78-68,Ho,Trimellitic,2,80,0.976,4.431,0.976,VOYWUB,n/a
321,MG2-78-69,Ho,Pyromellitic,2,80,,,,NU-2504,UZATAR
322,MG2-78-70,Ho,Mellitic,2,80,0.442,0.442,0.442,ZOMKAP02,unknown phase
323,MG2-78-71,Ho,BDC,5,80,,,,no solid product,n/a
324,MG2-78-72,Ho,Phthalic,5,80,,,,no solid product,n/a
325,MG2-78-73,Ho,Isophthalic,5,80,,,,no solid product,n/a
326,MG2-78-74,Ho,BTC,5,80,,,,BEVSUR,n/a
327,MG2-78-75,Ho,Trimellitic,5,80,14.472,14.472,14.472,VOYWUB,n/a
328,MG2-78-76,Ho,Pyromellitic,5,80,,,,NU-2504,UZATAR
329,MG2-78-77,Ho,Mellitic,5,80,0.487,0.487,0.487,ZOMKAP02,unknown phase
330,MG2-78-78,Ho,BDC,10,80,19.491,,19.491,no solid product,n/a
331,MG2-78-79,Ho,Phthalic,10,80,19.498,19.498,19.498,no solid product,n/a
332,MG2-78-80,Ho,Isophthalic,10,80,19.504,,19.504,no solid product,n/a
333,MG2-78-81,Ho,BTC,10,80,19.511,,19.511,BEVSUR,n/a
334,MG2-78-82,Ho,Trimellitic,10,80,10.518,10.518,10.518,VOYWUB,n/a
335,MG2-78-83,Ho,Pyromellitic,10,80,19.525,,19.525,NU-2504,UZATAR
336,MG2-78-84,Ho,Mellitic,10,80,1.079,1.624,1.079,ZOMKAP02,unknown phase
337,MG2-79-01,Er,BDC,0,80,1.997,0,0,no solid product,n/a
338,MG2-79-02,Er,Phthalic,0,80,19.004,0.538,0.538,no solid product,n/a
339,MG2-79-03,Er,Isophthalic,0,80,19.01,,19.01,no solid product,n/a
340,MG2-79-04,Er,BTC,0,80,0.019,0.55,0.019,BEVSUR,unknown phase
341,MG2-79-05,Er,Trimellitic,0,80,1.084,0.025,0.025,NU-2501,VOYWUB
342,MG2-79-06,Er,Pyromellitic,0,80,0.031,0.563,0.031,NU-2504,unknown phase
343,MG2-79-07,Er,Mellitic,0,80,0.038,0.038,0.038,ZOMKAP02,unknown phase
344,MG2-79-08,Er,BDC,2,80,,,,no solid product,n/a
345,MG2-79-09,Er,Phthalic,2,80,,,,no solid product,n/a
346,MG2-79-10,Er,Isophthalic,2,80,,,,no solid product,n/a
347,MG2-79-11,Er,BTC,2,80,,,,BEVSUR,n/a
348,MG2-79-12,Er,Trimellitic,2,80,0.068,4.066,0.068,VOYWUB,NU-2501
349,MG2-79-13,Er,Pyromellitic,2,80,0.076,0.076,0.076,NU-2504,UZATAR
350,MG2-79-14,Er,Mellitic,2,80,0.612,0.081,0.081,ZOMKAP,unknown phase
351,MG2-79-15,Er,BDC,5,80,,,,no solid product,n/a
352,MG2-79-16,Er,Phthalic,5,80,0.094,0.624,0.094,no solid product,n/a
353,MG2-79-17,Er,Isophthalic,5,80,,0.1,0.1,no solid product,n/a
354,MG2-79-18,Er,BTC,5,80,0.106,,0.106,BEVSUR,n/a
355,MG2-79-19,Er,Trimellitic,5,80,4.109,2.107,2.107,VOYWUB,NU-2501
356,MG2-79-20,Er,Pyromellitic,5,80,0.119,0.119,0.119,NU-2504,unknown phase
357,MG2-79-21,Er,Mellitic,5,80,0.124,0.124,0.124,ZOMKAP02,unknown phase
358,MG2-79-22,Er,BDC,10,80,19.127,,19.127,no solid product,n/a
359,MG2-79-23,Er,Phthalic,10,80,19.133,10.133,10.133,no solid product,n/a
360,MG2-79-24,Er,Isophthalic,10,80,,,,no solid product,n/a
361,MG2-79-25,Er,BTC,10,80,19.145,,19.145,BEVSUR,NU-2503
362,MG2-79-26,Er,Trimellitic,10,80,0.157,,0.157,VOYWUB,n/a
363,MG2-79-27,Er,Pyromellitic,10,80,19.157,19.157,19.157,NU-2504,UZATAR
364,MG2-79-28,Er,Mellitic,10,80,0.168,0.168,0.168,unknown phase,n/a
365,MG2-79-29,Tm,BDC,0,80,,,,no solid product,n/a
366,MG2-79-30,Tm,Phthalic,0,80,,,,no solid product,n/a
367,MG2-79-31,Tm,Isophthalic,0,80,,,,no solid product,n/a
368,MG2-79-32,Tm,BTC,0,80,0.722,0.722,0.722,BEVSUR,n/a
369,MG2-79-33,Tm,Trimellitic,0,80,0.728,1.258,0.728,NU-2501,VOYWUB
370,MG2-79-34,Tm,Pyromellitic,0,80,0.734,0.734,0.734,UZATAR,unknown phase
371,MG2-79-35,Tm,Mellitic,0,80,0.211,0.211,0.211,unknown phase,n/a
372,MG2-79-36,Tm,BDC,2,80,,,,no solid product,n/a
373,MG2-79-37,Tm,Phthalic,2,80,,,,no solid product,n/a
374,MG2-79-38,Tm,Isophthalic,2,80,,,,no solid product,n/a
375,MG2-79-39,Tm,BTC,2,80,,,,BEVSUR,n/a
376,MG2-79-40,Tm,Trimellitic,2,80,2.237,6.239,2.237,NU-2501,VOYWUB
377,MG2-79-41,Tm,Pyromellitic,2,80,0.777,2.243,0.777,NU-2504,UZATAR
378,MG2-79-42,Tm,Mellitic,2,80,0.254,0.254,0.254,unknown phase,n/a
379,MG2-79-43,Tm,BDC,5,80,19.256,,19.256,no solid product,n/a
380,MG2-79-44,Tm,Phthalic,5,80,19.262,,19.262,no solid product,n/a
381,MG2-79-45,Tm,Isophthalic,5,80,19.268,,19.268,no solid product,n/a
382,MG2-79-46,Tm,BTC,5,80,,,,BEVSUR,n/a
383,MG2-79-47,Tm,Trimellitic,5,80,19.28,6.282,6.282,NU-2501,n/a
384,MG2-79-48,Tm,Pyromellitic,5,80,2.286,2.286,2.286,MITGOL,unknown phase
385,MG2-79-49,Tm,Mellitic,5,80,0.299,0.299,0.299,unknown phase,n/a
386,MG2-79-50,Tm,BDC,10,80,19.299,,19.299,no solid product,n/a
387,MG2-79-51,Tm,Phthalic,10,80,19.305,,19.305,no solid product,n/a
388,MG2-79-52,Tm,Isophthalic,10,80,,,,no solid product,n/a
389,MG2-79-53,Tm,BTC,10,80,19.318,,19.318,NU-2503,n/a
390,MG2-79-54,Tm,Trimellitic,10,80,19.325,,19.325,VOYWUB,NU-2501
391,MG2-79-55,Tm,Pyromellitic,10,80,19.331,19.331,19.331,NU-2505,NU-2504
392,MG2-79-56,Tm,Mellitic,10,80,0.342,0.342,0.342,unknown phase,TUMHAK
393,MG2-79-57,Yb,BDC,0,80,,,,no solid product,n/a
394,MG2-79-58,Yb,Phthalic,0,80,,,,no solid product,n/a
395,MG2-79-59,Yb,Isophthalic,0,80,,,,no solid product,n/a
396,MG2-79-60,Yb,BTC,0,80,0.367,0.367,0.367,BEVSUR,unknown phase
397,MG2-79-61,Yb,Trimellitic,0,80,0.902,0.902,0.902,NU-2501,unknown phase
398,MG2-79-62,Yb,Pyromellitic,0,80,0.908,0.908,0.908,UZATAR,n/a
399,MG2-79-63,Yb,Mellitic,0,80,0.386,0.386,0.386,unknown phase,n/a
400,MG2-79-64,Yb,BDC,2,80,,,,no solid product,n/a
401,MG2-79-65,Yb,Phthalic,2,80,,,,no solid product,n/a
402,MG2-79-66,Yb,Isophthalic,2,80,,,,no solid product,n/a
403,MG2-79-67,Yb,BTC,2,80,,,,BEVSUR,unknown phase
404,MG2-79-68,Yb,Trimellitic,2,80,2.409,1.476,1.476,NU-2501,PEFBEI
405,MG2-79-69,Yb,Pyromellitic,2,80,0.951,0.951,0.951,MITGIF,unknown phase
406,MG2-79-70,Yb,Mellitic,2,80,0.429,0.429,0.429,unknown phase,n/a
407,MG2-79-71,Yb,BDC,5,80,,,,no solid product,n/a
408,MG2-79-72,Yb,Phthalic,5,80,,,,no solid product,n/a
409,MG2-79-73,Yb,Isophthalic,5,80,19.441,,19.441,no solid product,n/a
410,MG2-79-74,Yb,BTC,5,80,,,,BEVSUR,n/a
411,MG2-79-75,Yb,Trimellitic,5,80,14.452,,14.452,NU-2501,PEFBEI
412,MG2-79-76,Yb,Pyromellitic,5,80,2.458,,2.458,MITGIF,unknown phase
413,MG2-79-77,Yb,Mellitic,5,80,0.473,0.473,0.473,unknown phase,n/a
414,MG2-79-78,Yb,BDC,10,80,19.471,,19.471,no solid product,n/a
415,MG2-79-79,Yb,Phthalic,10,80,19.478,19.478,19.478,no solid product,n/a
416,MG2-79-80,Yb,Isophthalic,10,80,19.483,,19.483,no solid product,n/a
417,MG2-79-81,Yb,BTC,10,80,19.489,,19.489,NU-2503,n/a
418,MG2-79-82,Yb,Trimellitic,10,80,19.495,,19.495,PEFBEI,SEVWEV
419,MG2-79-83,Yb,Pyromellitic,10,80,6.502,10.502,6.502,MITGIF,unknown phase
420,MG2-79-84,Yb,Mellitic,10,80,0.516,0.516,0.516,unknown phase,n/a
421,MG2-80-01,Lu,BDC,0,80,19,,19,no solid product,n/a
422,MG2-80-02,Lu,Phthalic,0,80,,,,no solid product,n/a
423,MG2-80-03,Lu,Isophthalic,0,80,,,,no solid product,n/a
424,MG2-80-04,Lu,BTC,0,80,0.518,0.518,0.518,BEVSUR,n/a
425,MG2-80-05,Lu,Trimellitic,0,80,1.024,2.023,1.024,NU-2501,PEFBEI
426,MG2-80-06,Lu,Pyromellitic,0,80,0.53,0.53,0.53,MITGIF,unknown phase
427,MG2-80-07,Lu,Mellitic,0,80,0.038,0.038,0.038,unknown phase,n/a
428,MG2-80-08,Lu,BDC,2,80,,,,no solid product,n/a
429,MG2-80-09,Lu,Phthalic,2,80,,,,no solid product,n/a
430,MG2-80-10,Lu,Isophthalic,2,80,,,,no solid product,n/a
431,MG2-80-11,Lu,BTC,2,80,,,,BEVSUR,n/a
432,MG2-80-12,Lu,Trimellitic,2,80,6.066,6.066,6.066,NU-2501,PEFBEI
433,MG2-80-13,Lu,Pyromellitic,2,80,0.574,0.574,0.574,NU-2505,unknown phase
434,MG2-80-14,Lu,Mellitic,2,80,0.081,0.081,0.081,unknown phase,n/a
435,MG2-80-15,Lu,BDC,5,80,,,,no solid product,n/a
436,MG2-80-16,Lu,Phthalic,5,80,,,,no solid product,n/a
437,MG2-80-17,Lu,Isophthalic,5,80,,19.098,19.098,no solid product,n/a
438,MG2-80-18,Lu,BTC,5,80,,,,BEVSUR,n/a
439,MG2-80-19,Lu,Trimellitic,5,80,19.111,19.111,19.111,NU-2501,PEFBEI
440,MG2-80-20,Lu,Pyromellitic,5,80,4.116,2.116,2.116,NU-2505,unknown phase
441,MG2-80-21,Lu,Mellitic,5,80,0.125,0.125,0.125,unknown phase,n/a
442,MG2-80-22,Lu,BDC,10,80,19.129,,19.129,no solid product,n/a
443,MG2-80-23,Lu,Phthalic,10,80,,,,no solid product,n/a
444,MG2-80-24,Lu,Isophthalic,10,80,19.142,,19.142,no solid product,n/a
445,MG2-80-25,Lu,BTC,10,80,19.148,19.148,19.148,NU-2503,unknown phase
446,MG2-80-26,Lu,Trimellitic,10,80,19.154,19.154,19.154,PEFBEI,n/a
447,MG2-80-27,Lu,Pyromellitic,10,80,,10.159,10.159,MITGIF,unknown phase
448,MG2-80-28,Lu,Mellitic,10,80,0.168,0.168,0.168,unknown phase,n/a
449,MG2-81-01,Sc,BDC,0,60,0,0.52,0,no solid product,n/a
450,MG2-81-02,Sc,Phthalic,0,60,,,,no solid product,n/a
451,MG2-81-03,Sc,Isophthalic,0,60,,,,no solid product,n/a
452,MG2-81-04,Sc,BTC,0,60,0.018,0.018,0.018,no crystalline product,n/a
453,MG2-81-05,Sc,Trimellitic,0,60,0.024,0.024,0.024,no crystalline product,n/a
454,MG2-81-06,Sc,Pyromellitic,0,60,0.03,1.072,0.03,no crystalline product,n/a
455,MG2-81-07,Sc,Mellitic,0,60,0.036,0.036,0.036,no crystalline product,NCP
456,MG2-81-08,Sc,BDC,2,60,,,,no solid product,n/a
457,MG2-81-09,Sc,Phthalic,2,60,,,,no solid product,n/a
458,MG2-81-10,Sc,Isophthalic,2,60,,0.055,0.055,no solid product,n/a
459,MG2-81-11,Sc,BTC,2,60,0.061,0.061,0.061,NU-2502,n/a
460,MG2-81-12,Sc,Trimellitic,2,60,,,,no solid product,n/a
461,MG2-81-13,Sc,Pyromellitic,2,60,0.073,14.071,0.073,no crystalline product,n/a
462,MG2-81-14,Sc,Mellitic,2,60,0.079,,0.079,no crystalline product,NCP
463,MG2-81-15,Sc,BDC,5,60,,4.083,4.083,no solid product,n/a
464,MG2-81-16,Sc,Phthalic,5,60,,,,no solid product,n/a
465,MG2-81-17,Sc,Isophthalic,5,60,,,,no solid product,n/a
466,MG2-81-18,Sc,BTC,5,60,0.103,0.103,0.103,NU-2502,n/a
467,MG2-81-19,Sc,Trimellitic,5,60,,,,no solid product,n/a
468,MG2-81-20,Sc,Pyromellitic,5,60,0.115,0.115,0.115,no crystalline product,n/a
469,MG2-81-21,Sc,Mellitic,5,60,0.122,0.122,0.122,no crystalline product,NCP
470,MG2-81-22,Sc,BDC,10,60,,,,no solid product,n/a
471,MG2-81-23,Sc,Phthalic,10,60,,,,no solid product,n/a
472,MG2-81-24,Sc,Isophthalic,10,60,,,,no solid product,n/a
473,MG2-81-25,Sc,BTC,10,60,4.144,0.146,0.146,NU-2502,n/a
474,MG2-81-26,Sc,Trimellitic,10,60,,,,no solid product,n/a
475,MG2-81-27,Sc,Pyromellitic,10,60,0.158,0.679,0.158,no crystalline product,n/a
476,MG2-81-28,Sc,Mellitic,10,60,0.164,,0.164,no crystalline product,NCP
477,MG2-81-29,Y,BDC,0,60,,,,no solid product,n/a
478,MG2-81-30,Y,Phthalic,0,60,,,,no solid product,n/a
479,MG2-81-31,Y,Isophthalic,0,60,,,,no solid product,n/a
480,MG2-81-32,Y,BTC,0,60,,,,RAVJUV,unknown phase
481,MG2-81-33,Y,Trimellitic,0,60,0.715,1.238,0.715,VOYWUB,n/a
482,MG2-81-34,Y,Pyromellitic,0,60,4.198,4.198,4.198,MITGOL,unknown phase
483,MG2-81-35,Y,Mellitic,0,60,,0.208,0.208,TUMHAK,unknown phase
484,MG2-81-36,Y,BDC,2,60,,,,no solid product,n/a
485,MG2-81-37,Y,Phthalic,2,60,,,,no solid product,n/a
486,MG2-81-38,Y,Isophthalic,2,60,,,,no solid product,n/a
487,MG2-81-39,Y,BTC,2,60,,,,no solid product,n/a
488,MG2-81-40,Y,Trimellitic,2,60,0.758,0.758,0.758,VOYWUB,n/a
489,MG2-81-41,Y,Pyromellitic,2,60,,,,MITGOL,unknown phase
490,MG2-81-42,Y,Mellitic,2,60,1.292,0.251,0.251,LEHKAL,unknown phase
491,MG2-81-43,Y,BDC,5,60,,,,no solid product,n/a
492,MG2-81-44,Y,Phthalic,5,60,,,,no solid product,n/a
493,MG2-81-45,Y,Isophthalic,5,60,,,,no solid product,n/a
494,MG2-81-46,Y,BTC,5,60,,4.271,4.271,no solid product,n/a
495,MG2-81-47,Y,Trimellitic,5,60,4.278,,4.278,VOYWUB,n/a
496,MG2-81-48,Y,Pyromellitic,5,60,,10.287,10.287,UZATAR,unknown phase
497,MG2-81-49,Y,Mellitic,5,60,0.293,0.293,0.293,KUXVOO,n/a
498,MG2-81-50,Y,BDC,10,60,,,,no solid product,n/a
499,MG2-81-51,Y,Phthalic,10,60,,,,no solid product,n/a
500,MG2-81-52,Y,Isophthalic,10,60,,,,no solid product,n/a
501,MG2-81-53,Y,BTC,10,60,,,,no solid product,n/a
502,MG2-81-54,Y,Trimellitic,10,60,,0.323,0.323,VOYWUB,n/a
503,MG2-81-55,Y,Pyromellitic,10,60,,,,no crystalline product,n/a
504,MG2-81-56,Y,Mellitic,10,60,0.335,0.335,0.335,LEHKAL,unknown phase
505,MG2-81-57,La,BDC,0,60,,,,no solid product,n/a
506,MG2-81-58,La,Phthalic,0,60,,,,no solid product,n/a
507,MG2-81-59,La,Isophthalic,0,60,,,,no solid product,n/a
508,MG2-81-60,La,BTC,0,60,0.359,0.359,0.359,KEBSOA,n/a
509,MG2-81-61,La,Trimellitic,0,60,1.408,0.887,0.887,UTONAT,n/a
510,MG2-81-62,La,Pyromellitic,0,60,0.372,0.372,0.372,RIVSOH_011,n/a
511,MG2-81-63,La,Mellitic,0,60,0.378,0.378,0.378,NIHDUD,n/a
512,MG2-81-64,La,BDC,2,60,,,,no solid product,n/a
513,MG2-81-65,La,Phthalic,2,60,,,,no solid product,n/a
514,MG2-81-66,La,Isophthalic,2,60,,,,no solid product,n/a
515,MG2-81-67,La,BTC,2,60,0.402,0.402,0.402,KEBSOA,n/a
516,MG2-81-68,La,Trimellitic,2,60,0.93,4.406,0.93,UTONAT,n/a
517,MG2-81-69,La,Pyromellitic,2,60,0.414,0.414,0.414,RIVSOH_011,n/a
518,MG2-81-70,La,Mellitic,2,60,,0.942,0.942,NIHDUD,n/a
519,MG2-81-71,La,BDC,5,60,,,,no solid product,n/a
520,MG2-81-72,La,Phthalic,5,60,,,,no solid product,n/a
521,MG2-81-73,La,Isophthalic,5,60,,,,no solid product,n/a
522,MG2-81-74,La,BTC,5,60,0.444,0.444,0.444,KEBSOA,n/a
523,MG2-81-75,La,Trimellitic,5,60,1.495,14.451,1.495,UTONAT,n/a
524,MG2-81-76,La,Pyromellitic,5,60,0.457,0.457,0.457,RIVSOH_011,n/a
525,MG2-81-77,La,Mellitic,5,60,0.463,0.463,0.463,NIHDUD,n/a
526,MG2-81-78,La,BDC,10,60,,,,no solid product,n/a
527,MG2-81-79,La,Phthalic,10,60,,,,no solid product,n/a
528,MG2-81-80,La,Isophthalic,10,60,,,,no solid product,n/a
529,MG2-81-81,La,BTC,10,60,0.488,0.488,0.488,KEBSOA,n/a
530,MG2-81-82,La,Trimellitic,10,60,1.537,10.497,1.537,UTONAT,n/a
531,MG2-81-83,La,Pyromellitic,10,60,0.499,0.499,0.499,RIVSOH_011,n/a
532,MG2-81-84,La,Mellitic,10,60,,0.506,0.506,NIHDUD,n/a
533,MG2-82-01,Ce,BDC,0,60,,13.998,13.998,no solid product,n/a
534,MG2-82-02,Ce,Phthalic,0,60,,,,no solid product,n/a
535,MG2-82-03,Ce,Isophthalic,0,60,,,,no solid product,n/a
536,MG2-82-04,Ce,BTC,0,60,0.019,0.019,0.019,YIMRUL,n/a
537,MG2-82-05,Ce,Trimellitic,0,60,0.568,0.025,0.025,UTONAT,n/a
538,MG2-82-06,Ce,Pyromellitic,0,60,0.574,0.032,0.032,RIVSOH_011,n/a
539,MG2-82-07,Ce,Mellitic,0,60,14.036,0.038,0.038,NIHDUD,n/a
540,MG2-82-08,Ce,BDC,2,60,,19.043,19.043,no solid product,n/a
541,MG2-82-09,Ce,Phthalic,2,60,,,,no solid product,n/a
542,MG2-82-10,Ce,Isophthalic,2,60,,,,no solid product,n/a
543,MG2-82-11,Ce,BTC,2,60,0.063,0.063,0.063,YIMRUL,n/a
544,MG2-82-12,Ce,Trimellitic,2,60,0.613,1.158,0.613,UTONAT,n/a
545,MG2-82-13,Ce,Pyromellitic,2,60,0.076,0.076,0.076,RIVSOH_011,n/a
546,MG2-82-14,Ce,Mellitic,2,60,0.081,0.081,0.081,NIHDUD,n/a
547,MG2-82-15,Ce,BDC,5,60,,,,no solid product,n/a
548,MG2-82-16,Ce,Phthalic,5,60,,,,no solid product,n/a
549,MG2-82-17,Ce,Isophthalic,5,60,,,,no solid product,n/a
550,MG2-82-18,Ce,BTC,5,60,0.107,0.107,0.107,YIMRUL,n/a
551,MG2-82-19,Ce,Trimellitic,5,60,2.113,2.113,2.113,UTONAT,n/a
552,MG2-82-20,Ce,Pyromellitic,5,60,0.12,0.12,0.12,RIVSOH_011,n/a
553,MG2-82-21,Ce,Mellitic,5,60,0.127,0.127,0.127,NIHDUD,n/a
554,MG2-82-22,Ce,BDC,10,60,,,,no solid product,n/a
555,MG2-82-23,Ce,Phthalic,10,60,,,,no solid product,n/a
556,MG2-82-24,Ce,Isophthalic,10,60,,,,no solid product,n/a
557,MG2-82-25,Ce,BTC,10,60,0.153,0.153,0.153,YIMRUL,n/a
558,MG2-82-26,Ce,Trimellitic,10,60,6.156,6.156,6.156,UTONAT,n/a
559,MG2-82-27,Ce,Pyromellitic,10,60,0.166,0.166,0.166,RIVSOH_011,n/a
560,MG2-82-28,Ce,Mellitic,10,60,0.172,0.715,0.172,NIHDUD,n/a
561,MG2-82-29,Pr,BDC,0,60,,,,no solid product,n/a
562,MG2-82-30,Pr,Phthalic,0,60,,,,no solid product,n/a
563,MG2-82-31,Pr,Isophthalic,0,60,,,,no solid product,n/a
564,MG2-82-32,Pr,BTC,0,60,0.197,0.197,0.197,YIMRUL,n/a
565,MG2-82-33,Pr,Trimellitic,0,60,0.203,0.748,0.203,UTONAT,n/a
566,MG2-82-34,Pr,Pyromellitic,0,60,0.21,0.21,0.21,RIVSOH_011,n/a
567,MG2-82-35,Pr,Mellitic,0,60,1.304,0.76,0.76,NIHDUD,n/a
568,MG2-82-36,Pr,BDC,2,60,,,,no solid product,n/a
569,MG2-82-37,Pr,Phthalic,2,60,,,,no solid product,n/a
570,MG2-82-38,Pr,Isophthalic,2,60,,,,no solid product,n/a
571,MG2-82-39,Pr,BTC,2,60,0.241,0.241,0.241,YIMRUL,n/a
572,MG2-82-40,Pr,Trimellitic,2,60,0.792,4.247,0.792,UTONAT,n/a
573,MG2-82-41,Pr,Pyromellitic,2,60,0.254,0.254,0.254,RIVSOH_011,n/a
574,MG2-82-42,Pr,Mellitic,2,60,6.259,0.261,0.261,GANHAG,NIHDUD
575,MG2-82-43,Pr,BDC,5,60,,,,no solid product,n/a
576,MG2-82-44,Pr,Phthalic,5,60,,,,no solid product,n/a
577,MG2-82-45,Pr,Isophthalic,5,60,,,,no solid product,n/a
578,MG2-82-46,Pr,BTC,5,60,0.286,0.286,0.286,YIMRUL,n/a
579,MG2-82-47,Pr,Trimellitic,5,60,1.38,2.289,1.38,UTONAT,SEVWEV
580,MG2-82-48,Pr,Pyromellitic,5,60,0.298,0.298,0.298,RIVSOH_011,n/a
581,MG2-82-49,Pr,Mellitic,5,60,,0.305,0.305,GANHAG,unknown phase
582,MG2-82-50,Pr,BDC,10,60,,,,no solid product,n/a
583,MG2-82-51,Pr,Phthalic,10,60,,,,no solid product,n/a
584,MG2-82-52,Pr,Isophthalic,10,60,,,,no solid product,n/a
585,MG2-82-53,Pr,BTC,10,60,0.331,0.331,0.331,YIMRUL,n/a
586,MG2-82-54,Pr,Trimellitic,10,60,6.337,10.336,6.337,UTONAT,n/a
587,MG2-82-55,Pr,Pyromellitic,10,60,0.344,0.888,0.344,RIVSOH_011,n/a
588,MG2-82-56,Pr,Mellitic,10,60,0.894,0.35,0.35,NIHDUD,n/a
589,MG2-82-57,Nd,BDC,0,60,,,,no solid product,n/a
590,MG2-82-58,Nd,Phthalic,0,60,,,,no solid product,n/a
591,MG2-82-59,Nd,Isophthalic,0,60,,,,no solid product,n/a
592,MG2-82-60,Nd,BTC,0,60,0.375,0.92,0.375,YIMRUL,n/a
593,MG2-82-61,Nd,Trimellitic,0,60,0.381,0.381,0.381,UTONAT,SEVWEV
594,MG2-82-62,Nd,Pyromellitic,0,60,0.387,0.932,0.387,RIVSOH_011,n/a
595,MG2-82-63,Nd,Mellitic,0,60,0.393,0.393,0.393,unknown phase,n/a
596,MG2-82-64,Nd,BDC,2,60,,,,no solid product,n/a
597,MG2-82-65,Nd,Phthalic,2,60,,,,no solid product,n/a
598,MG2-82-66,Nd,Isophthalic,2,60,,,,no solid product,n/a
599,MG2-82-67,Nd,BTC,2,60,0.419,0.419,0.419,YIMRUL,n/a
600,MG2-82-68,Nd,Trimellitic,2,60,0.426,0.97,0.426,UTONAT,SEVWEV
601,MG2-82-69,Nd,Pyromellitic,2,60,0.432,0.432,0.432,RIVSOH_011,n/a
602,MG2-82-70,Nd,Mellitic,2,60,,0.439,0.439,NIHDUD,GANHAG
603,MG2-82-71,Nd,BDC,5,60,,,,no solid product,n/a
604,MG2-82-72,Nd,Phthalic,5,60,,,,no solid product,n/a
605,MG2-82-73,Nd,Isophthalic,5,60,,,,no solid product,n/a
606,MG2-82-74,Nd,BTC,5,60,0.464,0.464,0.464,YIMRUL,n/a
607,MG2-82-75,Nd,Trimellitic,5,60,1.558,1.016,1.016,UTONAT,SEVWEV
608,MG2-82-76,Nd,Pyromellitic,5,60,0.477,0.477,0.477,RIVSOH_011,n/a
609,MG2-82-77,Nd,Mellitic,5,60,1.029,0.484,0.484,ZOMPAU01,n/a
610,MG2-82-78,Nd,BDC,10,60,,,,no solid product,n/a
611,MG2-82-79,Nd,Phthalic,10,60,,,,no solid product,n/a
612,MG2-82-80,Nd,Isophthalic,10,60,,,,no solid product,n/a
613,MG2-82-81,Nd,BTC,10,60,0.508,0.508,0.508,YIMRUL,n/a
614,MG2-82-82,Nd,Trimellitic,10,60,10.513,10.513,10.513,ROWZEM,n/a
615,MG2-82-83,Nd,Pyromellitic,10,60,0.521,0.521,0.521,RIVSOH,n/a
616,MG2-82-84,Nd,Mellitic,10,60,,0.527,0.527,unknown phase,n/a
617,MG2-83-01,Sm,BDC,0,60,,1.998,1.998,no solid product,n/a
618,MG2-83-02,Sm,Phthalic,0,60,,,,no solid product,n/a
619,MG2-83-03,Sm,Isophthalic,0,60,,,,no solid product,n/a
620,MG2-83-04,Sm,BTC,0,60,0.019,0.019,0.019,RAVJUV,n/a
621,MG2-83-05,Sm,Trimellitic,0,60,0.026,0.026,0.026,ROWZEM,n/a
622,MG2-83-06,Sm,Pyromellitic,0,60,0.577,0.577,0.577,unknown phase,n/a
623,MG2-83-07,Sm,Mellitic,0,60,2.037,0.038,0.038,unknown phase,n/a
624,MG2-83-08,Sm,BDC,2,60,,,,no solid product,n/a
625,MG2-83-09,Sm,Phthalic,2,60,0.05,,0.05,no solid product,n/a
626,MG2-83-10,Sm,Isophthalic,2,60,,,,no solid product,n/a
627,MG2-83-11,Sm,BTC,2,60,0.063,0.063,0.063,RAVJUV,n/a
628,MG2-83-12,Sm,Trimellitic,2,60,0.616,2.068,0.616,ROWZEM,n/a
629,MG2-83-13,Sm,Pyromellitic,2,60,2.076,0.622,0.622,RIVSOH_011,unknown phase
630,MG2-83-14,Sm,Mellitic,2,60,0.083,0.083,0.083,unknown phase,n/a
631,MG2-83-15,Sm,BDC,5,60,,,,no solid product,n/a
632,MG2-83-16,Sm,Phthalic,5,60,,,,no solid product,n/a
633,MG2-83-17,Sm,Isophthalic,5,60,,,,no solid product,n/a
634,MG2-83-18,Sm,BTC,5,60,0.109,0.109,0.109,CAQFEI,n/a
635,MG2-83-19,Sm,Trimellitic,5,60,1.202,1.202,1.202,ROWZEM,n/a
636,MG2-83-20,Sm,Pyromellitic,5,60,1.209,1.209,1.209,RIVSOH_011,unknown phase
637,MG2-83-21,Sm,Mellitic,5,60,,0.128,0.128,unknown phase,n/a
638,MG2-83-22,Sm,BDC,10,60,,,,no solid product,n/a
639,MG2-83-23,Sm,Phthalic,10,60,,,,no solid product,n/a
640,MG2-83-24,Sm,Isophthalic,10,60,,,,no solid product,n/a
641,MG2-83-25,Sm,BTC,10,60,0.698,0.154,0.154,RAVJUV,n/a
642,MG2-83-26,Sm,Trimellitic,10,60,10.157,10.157,10.157,ROWZEM,n/a
643,MG2-83-27,Sm,Pyromellitic,10,60,4.162,1.253,1.253,RIVSOH_011,n/a
644,MG2-83-28,Sm,Mellitic,10,60,,0.172,0.172,unknown phase,n/a
645,MG2-83-29,Eu,BDC,0,60,10.176,,10.176,no solid product,n/a
646,MG2-83-30,Eu,Phthalic,0,60,,,,no solid product,n/a
647,MG2-83-31,Eu,Isophthalic,0,60,,,,no solid product,n/a
648,MG2-83-32,Eu,BTC,0,60,0.198,0.198,0.198,RAVJUV,n/a
649,MG2-83-33,Eu,Trimellitic,0,60,0.204,0.204,0.204,ROWZEM,n/a
650,MG2-83-34,Eu,Pyromellitic,0,60,0.754,0.754,0.754,unknown phase,n/a
651,MG2-83-35,Eu,Mellitic,0,60,0.761,0.217,0.217,unknown phase,n/a
652,MG2-83-36,Eu,BDC,2,60,,,,no solid product,n/a
653,MG2-83-37,Eu,Phthalic,2,60,,,,no solid product,n/a
654,MG2-83-38,Eu,Isophthalic,2,60,,,,no solid product,n/a
655,MG2-83-39,Eu,BTC,2,60,0.242,0.242,0.242,CAQFEI,n/a
656,MG2-83-40,Eu,Trimellitic,2,60,1.336,1.336,1.336,SEVWEV,n/a
657,MG2-83-41,Eu,Pyromellitic,2,60,2.252,0.799,0.799,RIVSOH_011,unknown phase
658,MG2-83-42,Eu,Mellitic,2,60,0.261,0.261,0.261,LAXGOH02,n/a
659,MG2-83-43,Eu,BDC,5,60,,,,no solid product,n/a
660,MG2-83-44,Eu,Phthalic,5,60,,,,no solid product,n/a
661,MG2-83-45,Eu,Isophthalic,5,60,,,,no solid product,n/a
662,MG2-83-46,Eu,BTC,5,60,0.287,0.287,0.287,CAQFEI,unknown phase
663,MG2-83-47,Eu,Trimellitic,5,60,14.292,14.292,14.292,ROWZEM,n/a
664,MG2-83-48,Eu,Pyromellitic,5,60,2.296,4.295,2.296,RIVSOH_011,unknown phase
665,MG2-83-49,Eu,Mellitic,5,60,1.393,0.306,0.306,unknown phase,n/a
666,MG2-83-50,Eu,BDC,10,60,,,,no solid product,n/a
667,MG2-83-51,Eu,Phthalic,10,60,,,,no solid product,n/a
668,MG2-83-52,Eu,Isophthalic,10,60,,,,no solid product,n/a
669,MG2-83-53,Eu,BTC,10,60,4.326,0.331,0.331,CAQFEI,n/a
670,MG2-83-54,Eu,Trimellitic,10,60,19.336,19.336,19.336,ROWZEM,n/a
671,MG2-83-55,Eu,Pyromellitic,10,60,10.343,14.344,10.343,RIVSOH_011,n/a
672,MG2-83-56,Eu,Mellitic,10,60,4.346,0.351,0.351,unknown phase,n/a
673,MG2-83-57,Gd,BDC,0,60,,,,no solid product,n/a
674,MG2-83-58,Gd,Phthalic,0,60,,,,no solid product,n/a
675,MG2-83-59,Gd,Isophthalic,0,60,,,,no solid product,n/a
676,MG2-83-60,Gd,BTC,0,60,0.376,0.376,0.376,CAQFEI,n/a
677,MG2-83-61,Gd,Trimellitic,0,60,0.383,0.926,0.383,VOYWUB,n/a
678,MG2-83-62,Gd,Pyromellitic,0,60,0.931,0.931,0.931,unknown phase,n/a
679,MG2-83-63,Gd,Mellitic,0,60,0.395,0.395,0.395,LAXGOH01,n/a
680,MG2-83-64,Gd,BDC,2,60,,,,no solid product,n/a
681,MG2-83-65,Gd,Phthalic,2,60,,,,no solid product,n/a
682,MG2-83-66,Gd,Isophthalic,2,60,,,,no solid product,n/a
683,MG2-83-67,Gd,BTC,2,60,0.421,0.421,0.421,CAQFEI,n/a
684,MG2-83-68,Gd,Trimellitic,2,60,0.97,1.514,0.97,ROWZEM,n/a
685,MG2-83-69,Gd,Pyromellitic,2,60,1.521,14.432,1.521,RIVSOH_011,n/a
686,MG2-83-70,Gd,Mellitic,2,60,,0.44,0.44,LAXGOH01,n/a
687,MG2-83-71,Gd,BDC,5,60,,,,no solid product,n/a
688,MG2-83-72,Gd,Phthalic,5,60,,,,no solid product,n/a
689,MG2-83-73,Gd,Isophthalic,5,60,,,,no solid product,n/a
690,MG2-83-74,Gd,BTC,5,60,0.466,0.466,0.466,CAQFEI,n/a
691,MG2-83-75,Gd,Trimellitic,5,60,,,,ROWZEM,n/a
692,MG2-83-76,Gd,Pyromellitic,5,60,,4.473,4.473,RIVSOH_011,unknown phase
693,MG2-83-77,Gd,Mellitic,5,60,0.485,0.485,0.485,CUDQOL01,n/a
694,MG2-83-78,Gd,BDC,10,60,,,,no solid product,n/a
695,MG2-83-79,Gd,Phthalic,10,60,,10.496,10.496,no solid product,n/a
696,MG2-83-80,Gd,Isophthalic,10,60,,,,no solid product,n/a
697,MG2-83-81,Gd,BTC,10,60,4.504,4.504,4.504,CAQFEI,n/a
698,MG2-83-82,Gd,Trimellitic,10,60,,,,ROWZEM,n/a
699,MG2-83-83,Gd,Pyromellitic,10,60,,14.521,14.521,RIVSOH_011,n/a
700,MG2-83-84,Gd,Mellitic,10,60,0.53,0.53,0.53,LAXGOH02,n/a
701,MG2-84-01,Tb,BDC,0,60,,,,no solid product,n/a
702,MG2-84-02,Tb,Phthalic,0,60,,,,no solid product,n/a
703,MG2-84-03,Tb,Isophthalic,0,60,,,,no solid product,n/a
704,MG2-84-04,Tb,BTC,0,60,0.018,0.018,0.018,CAQFEI,n/a
705,MG2-84-05,Tb,Trimellitic,0,60,0.023,0.546,0.023,ROWZEM,n/a
706,MG2-84-06,Tb,Pyromellitic,0,60,,10.029,10.029,unknown phase,NU-2504
707,MG2-84-07,Tb,Mellitic,0,60,0.559,0.036,0.036,ZOMKAP02,n/a
708,MG2-84-08,Tb,BDC,2,60,,,,no solid product,n/a
709,MG2-84-09,Tb,Phthalic,2,60,,,,no solid product,n/a
710,MG2-84-10,Tb,Isophthalic,2,60,,,,no solid product,n/a
711,MG2-84-11,Tb,BTC,2,60,0.06,0.584,0.06,CAQFEI,n/a
712,MG2-84-12,Tb,Trimellitic,2,60,2.066,4.064,2.066,ROWZEM,n/a
713,MG2-84-13,Tb,Pyromellitic,2,60,,4.07,4.07,RIVSOH,n/a
714,MG2-84-14,Tb,Mellitic,2,60,0.078,0.078,0.078,ZOMKAP02,n/a
715,MG2-84-15,Tb,BDC,5,60,,,,no solid product,n/a
716,MG2-84-16,Tb,Phthalic,5,60,,,,no solid product,n/a
717,MG2-84-17,Tb,Isophthalic,5,60,,,,no solid product,n/a
718,MG2-84-18,Tb,BTC,5,60,0.102,0.627,0.102,CAQFEI,n/a
719,MG2-84-19,Tb,Trimellitic,5,60,14.109,4.107,4.107,ROWZEM,n/a
720,MG2-84-20,Tb,Pyromellitic,5,60,,19.115,19.115,NU-2504,unknown phase
721,MG2-84-21,Tb,Mellitic,5,60,0.122,0.122,0.122,ZOMKAP02,n/a
722,MG2-84-22,Tb,BDC,10,60,,,,no solid product,n/a
723,MG2-84-23,Tb,Phthalic,10,60,,,,no solid product,n/a
724,MG2-84-24,Tb,Isophthalic,10,60,,,,no solid product,n/a
725,MG2-84-25,Tb,BTC,10,60,,,,CAQFEI,n/a
726,MG2-84-26,Tb,Trimellitic,10,60,19.153,,19.153,ROWZEM,n/a
727,MG2-84-27,Tb,Pyromellitic,10,60,,19.159,19.159,RIVSOH_011,unknown phase
728,MG2-84-28,Tb,Mellitic,10,60,0.165,0.165,0.165,ZOMKAP02,n/a
729,MG2-84-29,Dy,BDC,0,60,,,,no solid product,n/a
730,MG2-84-30,Dy,Phthalic,0,60,,,,no solid product,n/a
731,MG2-84-31,Dy,Isophthalic,0,60,,,,no solid product,n/a
732,MG2-84-32,Dy,BTC,0,60,0.189,0.189,0.189,RAVJUV,n/a
733,MG2-84-33,Dy,Trimellitic,0,60,0.72,1.244,0.72,VOYWUB,n/a
734,MG2-84-34,Dy,Pyromellitic,0,60,2.2,,2.2,UZATAR,n/a
735,MG2-84-35,Dy,Mellitic,0,60,0.732,0.207,0.207,LAXGOH01,n/a
736,MG2-84-36,Dy,BDC,2,60,,,,no solid product,n/a
737,MG2-84-37,Dy,Phthalic,2,60,,,,no solid product,n/a
738,MG2-84-38,Dy,Isophthalic,2,60,,,,no solid product,n/a
739,MG2-84-39,Dy,BTC,2,60,2.23,6.229,2.23,RAVJUV,n/a
740,MG2-84-40,Dy,Trimellitic,2,60,4.238,2.236,2.236,VOYWUB,n/a
741,MG2-84-41,Dy,Pyromellitic,2,60,,,,NU-2504,unknown phase
742,MG2-84-42,Dy,Mellitic,2,60,0.25,0.25,0.25,LAXGOH01,n/a
743,MG2-84-43,Dy,BDC,5,60,,,,no solid product,n/a
744,MG2-84-44,Dy,Phthalic,5,60,,,,no solid product,n/a
745,MG2-84-45,Dy,Isophthalic,5,60,,,,no solid product,n/a
746,MG2-84-46,Dy,BTC,5,60,14.275,0.799,0.799,CAQFEI,n/a
747,MG2-84-47,Dy,Trimellitic,5,60,,,,ROWZEM,n/a
748,MG2-84-48,Dy,Pyromellitic,5,60,,4.287,4.287,NU-2504,unknown phase
749,MG2-84-49,Dy,Mellitic,5,60,0.294,0.294,0.294,LAXGOH01,n/a
750,MG2-84-50,Dy,BDC,10,60,,,,no solid product,n/a
751,MG2-84-51,Dy,Phthalic,10,60,,,,no solid product,n/a
752,MG2-84-52,Dy,Isophthalic,10,60,,,,no solid product,n/a
753,MG2-84-53,Dy,BTC,10,60,,,,no solid product,n/a
754,MG2-84-54,Dy,Trimellitic,10,60,14.324,19.326,14.324,ROWZEM,n/a
755,MG2-84-55,Dy,Pyromellitic,10,60,,,,NU-2504,unknown phase
756,MG2-84-56,Dy,Mellitic,10,60,0.336,0.336,0.336,CUDQOL01,n/a
757,MG2-84-57,Ho,BDC,0,60,,,,no solid product,n/a
758,MG2-84-58,Ho,Phthalic,0,60,,0.349,0.349,no solid product,n/a
759,MG2-84-59,Ho,Isophthalic,0,60,,,,no solid product,n/a
760,MG2-84-60,Ho,BTC,0,60,0.885,0.361,0.361,CAQFEI,n/a
761,MG2-84-61,Ho,Trimellitic,0,60,0.891,1.417,0.891,VOYWUB,n/a
762,MG2-84-62,Ho,Pyromellitic,0,60,,,,NU-2504,UZATAR
763,MG2-84-63,Ho,Mellitic,0,60,0.38,0.38,0.38,ZOMKAP02,TUMHAK
764,MG2-84-64,Ho,BDC,2,60,,,,no solid product,n/a
765,MG2-84-65,Ho,Phthalic,2,60,,,,no solid product,n/a
766,MG2-84-66,Ho,Isophthalic,2,60,,,,no solid product,n/a
767,MG2-84-67,Ho,BTC,2,60,,,,CAQFEI,n/a
768,MG2-84-68,Ho,Trimellitic,2,60,0.934,,0.934,VOYWUB,n/a
769,MG2-84-69,Ho,Pyromellitic,2,60,,,,NU-2504,unknown phase
770,MG2-84-70,Ho,Mellitic,2,60,0.422,0.422,0.422,ZOMKAP02,TUMHAK
771,MG2-84-71,Ho,BDC,5,60,,,,no solid product,n/a
772,MG2-84-72,Ho,Phthalic,5,60,,,,no solid product,n/a
773,MG2-84-73,Ho,Isophthalic,5,60,,,,no solid product,n/a
774,MG2-84-74,Ho,BTC,5,60,,,,CAQFEI,n/a
775,MG2-84-75,Ho,Trimellitic,5,60,,14.453,14.453,VOYWUB,n/a
776,MG2-84-76,Ho,Pyromellitic,5,60,,,,NU-2504,unknown phase
777,MG2-84-77,Ho,Mellitic,5,60,0.464,0.464,0.464,CUDQOL03,unknown phase
778,MG2-84-78,Ho,BDC,10,60,,,,no solid product,n/a
779,MG2-84-79,Ho,Phthalic,10,60,,,,no solid product,n/a
780,MG2-84-80,Ho,Isophthalic,10,60,,,,no solid product,n/a
781,MG2-84-81,Ho,BTC,10,60,,,,no solid product,n/a
782,MG2-84-82,Ho,Trimellitic,10,60,,,,VOYWUB,n/a
783,MG2-84-83,Ho,Pyromellitic,10,60,,6.5,6.5,NU-2504,unknown phase
784,MG2-84-84,Ho,Mellitic,10,60,0.508,0.508,0.508,unknown phase,n/a
785,MG2-85-01,Er,BDC,0,60,,,,no solid product,n/a
786,MG2-85-02,Er,Phthalic,0,60,,0.534,0.534,no solid product,n/a
787,MG2-85-03,Er,Isophthalic,0,60,,,,no solid product,n/a
788,MG2-85-04,Er,BTC,0,60,1.071,1.071,1.071,unknown phase,n/a
789,MG2-85-05,Er,Trimellitic,0,60,0.552,2.024,0.552,VOYWUB,n/a
790,MG2-85-06,Er,Pyromellitic,0,60,1.083,1.083,1.083,NU-2504,unknown phase
791,MG2-85-07,Er,Mellitic,0,60,1.09,0.036,0.036,TUMHAK,unknown phase
792,MG2-85-08,Er,BDC,2,60,,0.042,0.042,no solid product,n/a
793,MG2-85-09,Er,Phthalic,2,60,,,,no solid product,n/a
794,MG2-85-10,Er,Isophthalic,2,60,,,,no solid product,n/a
795,MG2-85-11,Er,BTC,2,60,,,,unknown phase,n/a
796,MG2-85-12,Er,Trimellitic,2,60,,19.066,19.066,VOYWUB,n/a
797,MG2-85-13,Er,Pyromellitic,2,60,10.073,1.126,1.126,UZATAR,NU-2504
798,MG2-85-14,Er,Mellitic,2,60,0.079,0.079,0.079,TUMHAK,unknown phase
799,MG2-85-15,Er,BDC,5,60,,,,no solid product,n/a
800,MG2-85-16,Er,Phthalic,5,60,,,,no solid product,n/a
801,MG2-85-17,Er,Isophthalic,5,60,,,,no solid product,n/a
802,MG2-85-18,Er,BTC,5,60,,,,no solid product,n/a
803,MG2-85-19,Er,Trimellitic,5,60,10.111,14.11,10.111,VOYWUB,NU-2501
804,MG2-85-20,Er,Pyromellitic,5,60,1.17,2.116,1.17,NU-2504,UZATAR
805,MG2-85-21,Er,Mellitic,5,60,1.176,0.123,0.123,TUMHAK,n/a
806,MG2-85-22,Er,BDC,10,60,,,,no solid product,n/a
807,MG2-85-23,Er,Phthalic,10,60,,,,no solid product,n/a
808,MG2-85-24,Er,Isophthalic,10,60,,,,no solid product,n/a
809,MG2-85-25,Er,BTC,10,60,,,,unknown phase,n/a
810,MG2-85-26,Er,Trimellitic,10,60,,,,VOYWUB,unknown phase
811,MG2-85-27,Er,Pyromellitic,10,60,,10.16,10.16,NU-2504,unknown phase
812,MG2-85-28,Er,Mellitic,10,60,0.167,0.167,0.167,TUMHAK,n/a
813,MG2-85-29,Tm,BDC,0,60,,,,no solid product,n/a
814,MG2-85-30,Tm,Phthalic,0,60,,,,no solid product,n/a
815,MG2-85-31,Tm,Isophthalic,0,60,,,,no solid product,n/a
816,MG2-85-32,Tm,BTC,0,60,1.243,1.243,1.243,unknown phase,n/a
817,MG2-85-33,Tm,Trimellitic,0,60,2.196,2.196,2.196,VOYWUB,n/a
818,MG2-85-34,Tm,Pyromellitic,0,60,,2.203,2.203,NU-2505,NU-2504
819,MG2-85-35,Tm,Mellitic,0,60,0.21,0.21,0.21,TUMHAK,n/a
820,MG2-85-36,Tm,BDC,2,60,,,,no solid product,n/a
821,MG2-85-37,Tm,Phthalic,2,60,,,,no solid product,n/a
822,MG2-85-38,Tm,Isophthalic,2,60,,,,no solid product,n/a
823,MG2-85-39,Tm,BTC,2,60,,,,no solid product,n/a
824,MG2-85-40,Tm,Trimellitic,2,60,,,,VOYWUB,NU-2501
825,MG2-85-41,Tm,Pyromellitic,2,60,,6.244,6.244,MITGOL,NU-2505
826,MG2-85-42,Tm,Mellitic,2,60,0.779,0.253,0.253,TUMHAK,unknown phase
827,MG2-85-43,Tm,BDC,5,60,,,,no solid product,n/a
828,MG2-85-44,Tm,Phthalic,5,60,,,,no solid product,n/a
829,MG2-85-45,Tm,Isophthalic,5,60,,,,no solid product,n/a
830,MG2-85-46,Tm,BTC,5,60,,,,no crystalline product,n/a
831,MG2-85-47,Tm,Trimellitic,5,60,14.281,,14.281,NU-2501,unknown phase
832,MG2-85-48,Tm,Pyromellitic,5,60,2.287,2.287,2.287,UZATAR,NU-2504
833,MG2-85-49,Tm,Mellitic,5,60,0.297,0.297,0.297,TUMHAK,unknown phase
834,MG2-85-50,Tm,BDC,10,60,,,,no solid product,n/a
835,MG2-85-51,Tm,Phthalic,10,60,,,,no solid product,n/a
836,MG2-85-52,Tm,Isophthalic,10,60,,,,no solid product,n/a
837,MG2-85-53,Tm,BTC,10,60,,,,NU-2503,n/a
838,MG2-85-54,Tm,Trimellitic,10,60,,,,no crystalline product,n/a
839,MG2-85-55,Tm,Pyromellitic,10,60,,,,NU-2504,NU-2505
840,MG2-85-56,Tm,Mellitic,10,60,0.341,0.341,0.341,TUMHAK,unknown phase
841,MG2-85-57,Yb,BDC,0,60,,,,no solid product,n/a
842,MG2-85-58,Yb,Phthalic,0,60,,,,no solid product,n/a
843,MG2-85-59,Yb,Isophthalic,0,60,,6.356,6.356,no solid product,n/a
844,MG2-85-60,Yb,BTC,0,60,2.36,2.36,2.36,unknown phase,n/a
845,MG2-85-61,Yb,Trimellitic,0,60,6.368,4.37,4.37,NU-2501,unknown phase
846,MG2-85-62,Yb,Pyromellitic,0,60,,10.374,10.374,NU-2505,unknown phase
847,MG2-85-63,Yb,Mellitic,0,60,0.384,0.384,0.384,TUMHAK,unknown phase
848,MG2-85-64,Yb,BDC,2,60,,,,no solid product,n/a
849,MG2-85-65,Yb,Phthalic,2,60,,,,no solid product,n/a
850,MG2-85-66,Yb,Isophthalic,2,60,,,,no solid product,n/a
851,MG2-85-67,Yb,BTC,2,60,,,,no solid product,n/a
852,MG2-85-68,Yb,Trimellitic,2,60,,,,NU-2501,unknown phase
853,MG2-85-69,Yb,Pyromellitic,2,60,2.416,4.419,2.416,NU-2505,unknown phase
854,MG2-85-70,Yb,Mellitic,2,60,0.426,0.426,0.426,TUMHAK,unknown phase
855,MG2-85-71,Yb,BDC,5,60,,,,no solid product,n/a
856,MG2-85-72,Yb,Phthalic,5,60,,,,no solid product,n/a
857,MG2-85-73,Yb,Isophthalic,5,60,,,,no solid product,n/a
858,MG2-85-74,Yb,BTC,5,60,,,,no solid product,n/a
859,MG2-85-75,Yb,Trimellitic,5,60,,0.983,0.983,NU-2501,unknown phase
860,MG2-85-76,Yb,Pyromellitic,5,60,,10.46,10.46,NU-2505,unknown phase
861,MG2-85-77,Yb,Mellitic,5,60,0.469,0.469,0.469,TUMHAK,unknown phase
862,MG2-85-78,Yb,BDC,10,60,,,,no solid product,n/a
863,MG2-85-79,Yb,Phthalic,10,60,,,,no solid product,n/a
864,MG2-85-80,Yb,Isophthalic,10,60,,,,no solid product,n/a
865,MG2-85-81,Yb,BTC,10,60,,,,NU-2503,n/a
866,MG2-85-82,Yb,Trimellitic,10,60,,,,no crystalline product,n/a
867,MG2-85-83,Yb,Pyromellitic,10,60,,,,NU-2505,unknown phase
868,MG2-85-84,Yb,Mellitic,10,60,0.512,0.512,0.512,TUMHAK,unknown phase
869,MG2-86-01,Lu,BDC,0,60,,,,no solid product,n/a
870,MG2-86-02,Lu,Phthalic,0,60,,,,no solid product,n/a
871,MG2-86-03,Lu,Isophthalic,0,60,,,,no solid product,n/a
872,MG2-86-04,Lu,BTC,0,60,0.518,1.017,0.518,unknown phase,n/a
873,MG2-86-05,Lu,Trimellitic,0,60,4.023,4.023,4.023,NU-2501,unknown phase
874,MG2-86-06,Lu,Pyromellitic,0,60,,2.031,2.031,NU-2505,unknown phase
875,MG2-86-07,Lu,Mellitic,0,60,0.038,0.038,0.038,TUMHAK,n/a
876,MG2-86-08,Lu,BDC,2,60,,,,no solid product,n/a
877,MG2-86-09,Lu,Phthalic,2,60,,,,no solid product,n/a
878,MG2-86-10,Lu,Isophthalic,2,60,,19.055,19.055,no solid product,n/a
879,MG2-86-11,Lu,BTC,2,60,,,,no solid product,n/a
880,MG2-86-12,Lu,Trimellitic,2,60,,,,NU-2501,unknown phase
881,MG2-86-13,Lu,Pyromellitic,2,60,,4.074,4.074,NU-2505,n/a
882,MG2-86-14,Lu,Mellitic,2,60,0.082,0.082,0.082,TUMHAK,n/a
883,MG2-86-15,Lu,BDC,5,60,,,,no solid product,n/a
884,MG2-86-16,Lu,Phthalic,5,60,,,,no solid product,n/a
885,MG2-86-17,Lu,Isophthalic,5,60,,,,no solid product,n/a
886,MG2-86-18,Lu,BTC,5,60,6.104,,6.104,no solid product,n/a
887,MG2-86-19,Lu,Trimellitic,5,60,,,,NU-2501,unknown phase
888,MG2-86-20,Lu,Pyromellitic,5,60,10.118,10.118,10.118,NU-2505,n/a
889,MG2-86-21,Lu,Mellitic,5,60,0.126,0.126,0.126,KUXVOO,unknown phase
890,MG2-86-22,Lu,BDC,10,60,,,,no solid product,n/a
891,MG2-86-23,Lu,Phthalic,10,60,,,,no solid product,n/a
892,MG2-86-24,Lu,Isophthalic,10,60,,,,no solid product,n/a
893,MG2-86-25,Lu,BTC,10,60,,,,no solid product,n/a
894,MG2-86-26,Lu,Trimellitic,10,60,,,,no crystalline product,n/a
895,MG2-86-27,Lu,Pyromellitic,10,60,,1.164,1.164,NU-2505,n/a
896,MG2-86-28,Lu,Mellitic,10,60,0.171,0.171,0.171,TUMHAK,n/a
897,MG2-87-01,Sc,BDC,0,40,0,5.998,0,no solid product,n/a
898,MG2-87-02,Sc,Phthalic,0,40,,,,no solid product,n/a
899,MG2-87-03,Sc,Isophthalic,0,40,,,,no solid product,n/a
900,MG2-87-04,Sc,BTC,0,40,0.019,0.019,0.019,no crystalline product,n/a
901,MG2-87-05,Sc,Trimellitic,0,40,0.025,0.025,0.025,no crystalline product,n/a
902,MG2-87-06,Sc,Pyromellitic,0,40,0.032,0.578,0.032,no crystalline product,n/a
903,MG2-87-07,Sc,Mellitic,0,40,0.038,0.038,0.038,no crystalline product,n/a
904,MG2-87-08,Sc,BDC,2,40,,,,no solid product,n/a
905,MG2-87-09,Sc,Phthalic,2,40,,,,no solid product,n/a
906,MG2-87-10,Sc,Isophthalic,2,40,,,,no solid product,n/a
907,MG2-87-11,Sc,BTC,2,40,0.064,10.063,0.064,NU-2502,n/a
908,MG2-87-12,Sc,Trimellitic,2,40,,,,no solid product,n/a
909,MG2-87-13,Sc,Pyromellitic,2,40,0.077,0.077,0.077,no crystalline product,n/a
910,MG2-87-14,Sc,Mellitic,2,40,0.084,19.084,0.084,no crystalline product,n/a
911,MG2-87-15,Sc,BDC,5,40,,,,no solid product,n/a
912,MG2-87-16,Sc,Phthalic,5,40,,,,no solid product,n/a
913,MG2-87-17,Sc,Isophthalic,5,40,,,,no solid product,n/a
914,MG2-87-18,Sc,BTC,5,40,0.108,0.108,0.108,NU-2502,n/a
915,MG2-87-19,Sc,Trimellitic,5,40,,,,no solid product,n/a
916,MG2-87-20,Sc,Pyromellitic,5,40,0.121,0.121,0.121,no crystalline product,n/a
917,MG2-87-21,Sc,Mellitic,5,40,0.128,0.128,0.128,no crystalline product,n/a
918,MG2-87-22,Sc,BDC,10,40,,,,no solid product,n/a
919,MG2-87-23,Sc,Phthalic,10,40,,,,no solid product,n/a
920,MG2-87-24,Sc,Isophthalic,10,40,,,,no solid product,n/a
921,MG2-87-25,Sc,BTC,10,40,0.154,10.152,0.154,no crystalline product,n/a
922,MG2-87-26,Sc,Trimellitic,10,40,,,,no solid product,n/a
923,MG2-87-27,Sc,Pyromellitic,10,40,0.167,1.254,0.167,no crystalline product,n/a
924,MG2-87-28,Sc,Mellitic,10,40,0.172,,0.172,no crystalline product,n/a
925,MG2-87-29,Y,BDC,0,40,,,,no solid product,n/a
926,MG2-87-30,Y,Phthalic,0,40,,,,no solid product,n/a
927,MG2-87-31,Y,Isophthalic,0,40,,,,no solid product,n/a
928,MG2-87-32,Y,BTC,0,40,6.197,19.201,6.197,CAQFEI,unknown phase
929,MG2-87-33,Y,Trimellitic,0,40,1.293,2.204,1.293,VOYWUB,n/a
930,MG2-87-34,Y,Pyromellitic,0,40,,,,unknown phase,n/a
931,MG2-87-35,Y,Mellitic,0,40,0.217,0.217,0.217,unknown phase,n/a
932,MG2-87-36,Y,BDC,2,40,,,,no solid product,n/a
933,MG2-87-37,Y,Phthalic,2,40,,,,no solid product,n/a
934,MG2-87-38,Y,Isophthalic,2,40,,,,no solid product,n/a
935,MG2-87-39,Y,BTC,2,40,,,,no solid product,n/a
936,MG2-87-40,Y,Trimellitic,2,40,2.249,6.249,2.249,VOYWUB,n/a
937,MG2-87-41,Y,Pyromellitic,2,40,,,,NU-2505,unknown phase
938,MG2-87-42,Y,Mellitic,2,40,0.262,0.262,0.262,unknown phase,n/a
939,MG2-87-43,Y,BDC,5,40,,,,no solid product,n/a
940,MG2-87-44,Y,Phthalic,5,40,,,,no solid product,n/a
941,MG2-87-45,Y,Isophthalic,5,40,,,,no solid product,n/a
942,MG2-87-46,Y,BTC,5,40,,,,no solid product,n/a
943,MG2-87-47,Y,Trimellitic,5,40,,,,no crystalline product,n/a
944,MG2-87-48,Y,Pyromellitic,5,40,,,,no crystalline product,n/a
945,MG2-87-49,Y,Mellitic,5,40,0.307,0.307,0.307,unknown phase,n/a
946,MG2-87-50,Y,BDC,10,40,,,,no solid product,n/a
947,MG2-87-51,Y,Phthalic,10,40,,,,no solid product,n/a
948,MG2-87-52,Y,Isophthalic,10,40,,,,no solid product,n/a
949,MG2-87-53,Y,BTC,10,40,,,,no solid product,n/a
950,MG2-87-54,Y,Trimellitic,10,40,,0.339,0.339,no crystalline product,n/a
951,MG2-87-55,Y,Pyromellitic,10,40,14.343,14.343,14.343,no crystalline product,n/a
952,MG2-87-56,Y,Mellitic,10,40,0.352,0.352,0.352,no crystalline product,n/a
953,MG2-87-57,La,BDC,0,40,,,,no solid product,n/a
954,MG2-87-58,La,Phthalic,0,40,,,,no solid product,n/a
955,MG2-87-59,La,Isophthalic,0,40,,,,no solid product,n/a
956,MG2-87-60,La,BTC,0,40,0.377,0.921,0.377,KEBSOA,n/a
957,MG2-87-61,La,Trimellitic,0,40,14.382,6.384,6.384,UTONAT,n/a
958,MG2-87-62,La,Pyromellitic,0,40,0.39,0.39,0.39,RIVSOH_011,unknown phase
959,MG2-87-63,La,Mellitic,0,40,0.397,0.397,0.397,HAPTOJ,n/a
960,MG2-87-64,La,BDC,2,40,,,,no solid product,n/a
961,MG2-87-65,La,Phthalic,2,40,,0.953,0.953,no solid product,n/a
962,MG2-87-66,La,Isophthalic,2,40,10.416,,10.416,no solid product,n/a
963,MG2-87-67,La,BTC,2,40,0.422,0.422,0.422,KEBSOA,n/a
964,MG2-87-68,La,Trimellitic,2,40,19.434,19.434,19.434,UTONAT,SEVWEV
965,MG2-87-69,La,Pyromellitic,2,40,0.434,0.977,0.434,RIVSOH_011,unknown phase
966,MG2-87-70,La,Mellitic,2,40,,0.441,0.441,HAPTOJ,n/a
967,MG2-87-71,La,BDC,5,40,,,,no solid product,n/a
968,MG2-87-72,La,Phthalic,5,40,,,,no solid product,n/a
969,MG2-87-73,La,Isophthalic,5,40,,,,no solid product,n/a
970,MG2-87-74,La,BTC,5,40,0.466,0.466,0.466,KEBSOA,n/a
971,MG2-87-75,La,Trimellitic,5,40,10.474,19.479,10.474,UTONAT,unknown phase
972,MG2-87-76,La,Pyromellitic,5,40,0.479,1.022,0.479,RIVSOH_011,unknown phase
973,MG2-87-77,La,Mellitic,5,40,0.485,0.485,0.485,HAPTOJ,n/a
974,MG2-87-78,La,BDC,10,40,,,,no solid product,n/a
975,MG2-87-79,La,Phthalic,10,40,,,,no solid product,n/a
976,MG2-87-80,La,Isophthalic,10,40,,,,no solid product,n/a
977,MG2-87-81,La,BTC,10,40,0.511,0.511,0.511,KEBSOA,n/a
978,MG2-87-82,La,Trimellitic,10,40,19.526,19.526,19.526,no crystalline product,n/a
979,MG2-87-83,La,Pyromellitic,10,40,1.067,0.524,0.524,RIVSOH_011,unknown phase
980,MG2-87-84,La,Mellitic,10,40,0.53,0.53,0.53,HAPTOJ,n/a
981,MG2-88-01,Ce,BDC,0,40,,18.998,18.998,no solid product,n/a
982,MG2-88-02,Ce,Phthalic,0,40,,,,no solid product,n/a
983,MG2-88-03,Ce,Isophthalic,0,40,,,,no solid product,n/a
984,MG2-88-04,Ce,BTC,0,40,0.019,0.019,0.019,YIMRUL,n/a
985,MG2-88-05,Ce,Trimellitic,0,40,0.026,1.118,0.026,UTONAT,n/a
986,MG2-88-06,Ce,Pyromellitic,0,40,,0.033,0.033,unknown phase,RIVSOH_011
987,MG2-88-07,Ce,Mellitic,0,40,0.039,0.039,0.039,HAPTOJ,n/a
988,MG2-88-08,Ce,BDC,2,40,,,,no solid product,n/a
989,MG2-88-09,Ce,Phthalic,2,40,,,,no solid product,n/a
990,MG2-88-10,Ce,Isophthalic,2,40,,,,no solid product,n/a
991,MG2-88-11,Ce,BTC,2,40,0.063,0.063,0.063,YIMRUL,n/a
992,MG2-88-12,Ce,Trimellitic,2,40,,,,UTONAT,n/a
993,MG2-88-13,Ce,Pyromellitic,2,40,0.076,0.076,0.076,unknown phase,RIVSOH_011
994,MG2-88-14,Ce,Mellitic,2,40,0.082,0.082,0.082,HAPTOJ,n/a
995,MG2-88-15,Ce,BDC,5,40,,,,no solid product,n/a
996,MG2-88-16,Ce,Phthalic,5,40,,,,no solid product,n/a
997,MG2-88-17,Ce,Isophthalic,5,40,,,,no solid product,n/a
998,MG2-88-18,Ce,BTC,5,40,0.109,0.109,0.109,YIMRUL,n/a
999,MG2-88-19,Ce,Trimellitic,5,40,4.111,14.113,4.111,UTONAT,unknown phase
1000,MG2-88-20,Ce,Pyromellitic,5,40,0.122,0.122,0.122,RIVSOH_011,n/a
1001,MG2-88-21,Ce,Mellitic,5,40,0.129,0.129,0.129,HAPTOJ,n/a
1002,MG2-88-22,Ce,BDC,10,40,,,,no solid product,n/a
1003,MG2-88-23,Ce,Phthalic,10,40,,,,no solid product,n/a
1004,MG2-88-24,Ce,Isophthalic,10,40,,,,no solid product,n/a
1005,MG2-88-25,Ce,BTC,10,40,0.154,0.154,0.154,YIMRUL,n/a
1006,MG2-88-26,Ce,Trimellitic,10,40,10.157,19.156,10.157,no crystalline product,n/a
1007,MG2-88-27,Ce,Pyromellitic,10,40,0.166,0.166,0.166,RIVSOH_011,n/a
1008,MG2-88-28,Ce,Mellitic,10,40,0.173,0.173,0.173,HAPTOJ,n/a
1009,MG2-88-29,Pr,BDC,0,40,,,,no solid product,n/a
1010,MG2-88-30,Pr,Phthalic,0,40,,,,no solid product,n/a
1011,MG2-88-31,Pr,Isophthalic,0,40,14.191,,14.191,no solid product,n/a
1012,MG2-88-32,Pr,BTC,0,40,0.198,0.198,0.198,YIMRUL,n/a
1013,MG2-88-33,Pr,Trimellitic,0,40,4.201,0.204,0.204,UTONAT,n/a
1014,MG2-88-34,Pr,Pyromellitic,0,40,0.211,0.211,0.211,RIVSOH_011,n/a
1015,MG2-88-35,Pr,Mellitic,0,40,1.31,0.217,0.217,HAPTOJ,n/a
1016,MG2-88-36,Pr,BDC,2,40,,,,no solid product,n/a
1017,MG2-88-37,Pr,Phthalic,2,40,0.776,,0.776,no solid product,n/a
1018,MG2-88-38,Pr,Isophthalic,2,40,,,,no solid product,n/a
1019,MG2-88-39,Pr,BTC,2,40,0.243,0.243,0.243,YIMRUL,n/a
1020,MG2-88-40,Pr,Trimellitic,2,40,19.246,,19.246,UTONAT,unknown phase
1021,MG2-88-41,Pr,Pyromellitic,2,40,0.256,0.256,0.256,RIVSOH_011,n/a
1022,MG2-88-42,Pr,Mellitic,2,40,0.809,0.262,0.262,HAPTOJ,n/a
1023,MG2-88-43,Pr,BDC,5,40,,,,no solid product,n/a
1024,MG2-88-44,Pr,Phthalic,5,40,,,,no solid product,n/a
1025,MG2-88-45,Pr,Isophthalic,5,40,,,,no solid product,n/a
1026,MG2-88-46,Pr,BTC,5,40,0.288,0.288,0.288,YIMRUL,n/a
1027,MG2-88-47,Pr,Trimellitic,5,40,10.291,,10.291,UTONAT,unknown phase
1028,MG2-88-48,Pr,Pyromellitic,5,40,0.301,0.301,0.301,RIVSOH_011,n/a
1029,MG2-88-49,Pr,Mellitic,5,40,0.307,0.307,0.307,NACKOT01,n/a
1030,MG2-88-50,Pr,BDC,10,40,,,,no solid product,n/a
1031,MG2-88-51,Pr,Phthalic,10,40,,,,no solid product,n/a
1032,MG2-88-52,Pr,Isophthalic,10,40,,6.322,6.322,no solid product,n/a
1033,MG2-88-53,Pr,BTC,10,40,0.333,0.333,0.333,YIMRUL,n/a
1034,MG2-88-54,Pr,Trimellitic,10,40,14.34,,14.34,no crystalline product,n/a
1035,MG2-88-55,Pr,Pyromellitic,10,40,0.346,0.892,0.346,RIVSOH_011,n/a
1036,MG2-88-56,Pr,Mellitic,10,40,0.352,0.352,0.352,HAPTOJ,n/a
1037,MG2-88-57,Nd,BDC,0,40,,,,no solid product,n/a
1038,MG2-88-58,Nd,Phthalic,0,40,,,,no solid product,n/a
1039,MG2-88-59,Nd,Isophthalic,0,40,,,,no solid product,n/a
1040,MG2-88-60,Nd,BTC,0,40,0.378,0.378,0.378,YIMRUL,n/a
1041,MG2-88-61,Nd,Trimellitic,0,40,0.385,2.379,0.385,SEVWEV,n/a
1042,MG2-88-62,Nd,Pyromellitic,0,40,0.391,0.391,0.391,RIVSOH_011,n/a
1043,MG2-88-63,Nd,Mellitic,0,40,0.397,0.397,0.397,unknown phase,n/a
1044,MG2-88-64,Nd,BDC,2,40,,,,no solid product,n/a
1045,MG2-88-65,Nd,Phthalic,2,40,,,,no solid product,n/a
1046,MG2-88-66,Nd,Isophthalic,2,40,,,,no solid product,n/a
1047,MG2-88-67,Nd,BTC,2,40,0.422,0.422,0.422,YIMRUL,n/a
1048,MG2-88-68,Nd,Trimellitic,2,40,,,,SEVWEV,n/a
1049,MG2-88-69,Nd,Pyromellitic,2,40,0.435,0.981,0.435,RIVSOH_011,n/a
1050,MG2-88-70,Nd,Mellitic,2,40,0.442,0.442,0.442,LAXGOH03,unknown phase
1051,MG2-88-71,Nd,BDC,5,40,,,,no solid product,n/a
1052,MG2-88-72,Nd,Phthalic,5,40,,,,no solid product,n/a
1053,MG2-88-73,Nd,Isophthalic,5,40,14.465,,14.465,no solid product,n/a
1054,MG2-88-74,Nd,BTC,5,40,0.469,0.469,0.469,YIMRUL,n/a
1055,MG2-88-75,Nd,Trimellitic,5,40,10.468,,10.468,SEVWEV,unknown phase
1056,MG2-88-76,Nd,Pyromellitic,5,40,0.481,1.027,0.481,RIVSOH_011,n/a
1057,MG2-88-77,Nd,Mellitic,5,40,0.487,0.487,0.487,unknown phase,n/a
1058,MG2-88-78,Nd,BDC,10,40,,,,no solid product,n/a
1059,MG2-88-79,Nd,Phthalic,10,40,,,,no solid product,n/a
1060,MG2-88-80,Nd,Isophthalic,10,40,,,,no solid product,n/a
1061,MG2-88-81,Nd,BTC,10,40,0.512,1.058,0.512,YIMRUL,n/a
1062,MG2-88-82,Nd,Trimellitic,10,40,19.515,,19.515,no crystalline product,n/a
1063,MG2-88-83,Nd,Pyromellitic,10,40,1.071,0.526,0.526,RIVSOH,n/a
1064,MG2-88-84,Nd,Mellitic,10,40,,0.532,0.532,unknown phase,n/a
1065,MG2-89-01,Sm,BDC,0,40,,,,no solid product,n/a
1066,MG2-89-02,Sm,Phthalic,0,40,,,,no solid product,n/a
1067,MG2-89-03,Sm,Isophthalic,0,40,,,,no solid product,n/a
1068,MG2-89-04,Sm,BTC,0,40,0.019,0.019,0.019,RAVJUV,n/a
1069,MG2-89-05,Sm,Trimellitic,0,40,0.573,2.023,0.573,ROWZEM,n/a
1070,MG2-89-06,Sm,Pyromellitic,0,40,,0.031,0.031,RIVSOH,unknown phase
1071,MG2-89-07,Sm,Mellitic,0,40,,0.038,0.038,EPUREO,unknown phase
1072,MG2-89-08,Sm,BDC,2,40,,,,no solid product,n/a
1073,MG2-89-09,Sm,Phthalic,2,40,,,,no solid product,n/a
1074,MG2-89-10,Sm,Isophthalic,2,40,,,,no solid product,n/a
1075,MG2-89-11,Sm,BTC,2,40,0.064,0.064,0.064,CAQFEI,n/a
1076,MG2-89-12,Sm,Trimellitic,2,40,2.068,6.068,2.068,ROWZEM,n/a
1077,MG2-89-13,Sm,Pyromellitic,2,40,6.074,6.074,6.074,RIVSOH,n/a
1078,MG2-89-14,Sm,Mellitic,2,40,,0.082,0.082,HAPTOJ,unknown phase
1079,MG2-89-15,Sm,BDC,5,40,,,,no solid product,n/a
1080,MG2-89-16,Sm,Phthalic,5,40,,,,no solid product,n/a
1081,MG2-89-17,Sm,Isophthalic,5,40,,,,no solid product,n/a
1082,MG2-89-18,Sm,BTC,5,40,0.108,0.108,0.108,RAVJUV,n/a
1083,MG2-89-19,Sm,Trimellitic,5,40,6.112,14.111,6.112,SEVWEV,n/a
1084,MG2-89-20,Sm,Pyromellitic,5,40,10.119,0.67,0.67,RIVSOH_011,n/a
1085,MG2-89-21,Sm,Mellitic,5,40,,0.127,0.127,EPUREO,unknown phase
1086,MG2-89-22,Sm,BDC,10,40,,,,no solid product,n/a
1087,MG2-89-23,Sm,Phthalic,10,40,,,,no solid product,n/a
1088,MG2-89-24,Sm,Isophthalic,10,40,,,,no solid product,n/a
1089,MG2-89-25,Sm,BTC,10,40,6.151,0.154,0.154,CAQFEI,n/a
1090,MG2-89-26,Sm,Trimellitic,10,40,10.157,,10.157,SEVWEV,n/a
1091,MG2-89-27,Sm,Pyromellitic,10,40,19.163,14.162,14.162,RIVSOH_011,n/a
1092,MG2-89-28,Sm,Mellitic,10,40,0.173,0.173,0.173,NACKOT01,unknown phase
1093,MG2-89-29,Eu,BDC,0,40,,,,no solid product,n/a
1094,MG2-89-30,Eu,Phthalic,0,40,,,,no solid product,n/a
1095,MG2-89-31,Eu,Isophthalic,0,40,0.192,,0.192,no solid product,n/a
1096,MG2-89-32,Eu,BTC,0,40,0.198,0.198,0.198,RAVJUV,n/a
1097,MG2-89-33,Eu,Trimellitic,0,40,0.204,0.753,0.204,ROWZEM,n/a
1098,MG2-89-34,Eu,Pyromellitic,0,40,,4.207,4.207,RIVSOH,unknown phase
1099,MG2-89-35,Eu,Mellitic,0,40,,0.217,0.217,LAXGOH01,unknown phase
1100,MG2-89-36,Eu,BDC,2,40,,,,no solid product,n/a
1101,MG2-89-37,Eu,Phthalic,2,40,14.226,,14.226,no solid product,n/a
1102,MG2-89-38,Eu,Isophthalic,2,40,,,,no solid product,n/a
1103,MG2-89-39,Eu,BTC,2,40,0.243,0.243,0.243,CAQFEI,n/a
1104,MG2-89-40,Eu,Trimellitic,2,40,,6.248,6.248,ROWZEM,n/a
1105,MG2-89-41,Eu,Pyromellitic,2,40,10.253,,10.253,RIVSOH,n/a
1106,MG2-89-42,Eu,Mellitic,2,40,0.262,0.262,0.262,LAXGOH03,unknown phase
1107,MG2-89-43,Eu,BDC,5,40,,,,no solid product,n/a
1108,MG2-89-44,Eu,Phthalic,5,40,,,,no solid product,n/a
1109,MG2-89-45,Eu,Isophthalic,5,40,,,,no solid product,n/a
1110,MG2-89-46,Eu,BTC,5,40,0.288,0.288,0.288,RAVJUV,n/a
1111,MG2-89-47,Eu,Trimellitic,5,40,,,,ROWZEM,n/a
1112,MG2-89-48,Eu,Pyromellitic,5,40,,,,RIVSOH_011,n/a
1113,MG2-89-49,Eu,Mellitic,5,40,0.308,0.308,0.308,CUDQOL02,n/a
1114,MG2-89-50,Eu,BDC,10,40,,,,no solid product,n/a
1115,MG2-89-51,Eu,Phthalic,10,40,,,,no solid product,n/a
1116,MG2-89-52,Eu,Isophthalic,10,40,,,,no solid product,n/a
1117,MG2-89-53,Eu,BTC,10,40,2.331,2.331,2.331,RAVJUV,n/a
1118,MG2-89-54,Eu,Trimellitic,10,40,1.432,,1.432,ROWZEM,n/a
1119,MG2-89-55,Eu,Pyromellitic,10,40,,14.341,14.341,RIVSOH_011,unknown phase
1120,MG2-89-56,Eu,Mellitic,10,40,0.352,0.352,0.352,unknown phase,n/a
1121,MG2-89-57,Gd,BDC,0,40,,,,no solid product,n/a
1122,MG2-89-58,Gd,Phthalic,0,40,,,,no solid product,n/a
1123,MG2-89-59,Gd,Isophthalic,0,40,,,,no solid product,n/a
1124,MG2-89-60,Gd,BTC,0,40,0.378,0.378,0.378,CAQFEI,n/a
1125,MG2-89-61,Gd,Trimellitic,0,40,2.381,1.477,1.477,ROWZEM,n/a
1126,MG2-89-62,Gd,Pyromellitic,0,40,,,,RIVSOH,unknown phase
1127,MG2-89-63,Gd,Mellitic,0,40,0.397,0.397,0.397,NACKOT01,ZOMKAP02
1128,MG2-89-64,Gd,BDC,2,40,,,,no solid product,n/a
1129,MG2-89-65,Gd,Phthalic,2,40,,,,no solid product,n/a
1130,MG2-89-66,Gd,Isophthalic,2,40,,,,no solid product,n/a
1131,MG2-89-67,Gd,BTC,2,40,0.422,0.422,0.422,CAQFEI,n/a
1132,MG2-89-68,Gd,Trimellitic,2,40,0.977,4.425,0.977,ROWZEM,n/a
1133,MG2-89-69,Gd,Pyromellitic,2,40,10.431,,10.431,RIVSOH_011,n/a
1134,MG2-89-70,Gd,Mellitic,2,40,0.441,0.441,0.441,GANGUZ,ZOMKAP02
1135,MG2-89-71,Gd,BDC,5,40,,,,no solid product,n/a
1136,MG2-89-72,Gd,Phthalic,5,40,,,,no solid product,n/a
1137,MG2-89-73,Gd,Isophthalic,5,40,,,,no solid product,n/a
1138,MG2-89-74,Gd,BTC,5,40,,1.56,1.56,CAQFEI,n/a
1139,MG2-89-75,Gd,Trimellitic,5,40,,2.47,2.47,ROWZEM,n/a
1140,MG2-89-76,Gd,Pyromellitic,5,40,,10.476,10.476,RIVSOH_011,unknown phase
1141,MG2-89-77,Gd,Mellitic,5,40,0.487,0.487,0.487,CUDQOL02,n/a
1142,MG2-89-78,Gd,BDC,10,40,,,,no solid product,n/a
1143,MG2-89-79,Gd,Phthalic,10,40,,,,no solid product,n/a
1144,MG2-89-80,Gd,Isophthalic,10,40,,,,no solid product,n/a
1145,MG2-89-81,Gd,BTC,10,40,,0.513,0.513,CAQFEI,unknown phase
1146,MG2-89-82,Gd,Trimellitic,10,40,,,,SEVWEV,n/a
1147,MG2-89-83,Gd,Pyromellitic,10,40,,,,NU-2504,RIVSOH_011
1148,MG2-89-84,Gd,Mellitic,10,40,0.531,0.531,0.531,TUMGUD,n/a
1149,MG2-90-01,Tb,BDC,0,40,,,,no solid product,n/a
1150,MG2-90-02,Tb,Phthalic,0,40,,,,no solid product,n/a
1151,MG2-90-03,Tb,Isophthalic,0,40,,,,no solid product,n/a
1152,MG2-90-04,Tb,BTC,0,40,0.02,0.02,0.02,CAQFEI,n/a
1153,MG2-90-05,Tb,Trimellitic,0,40,6.024,10.026,6.024,ROWZEM,n/a
1154,MG2-90-06,Tb,Pyromellitic,0,40,,,,unknown phase,n/a
1155,MG2-90-07,Tb,Mellitic,0,40,0.039,0.039,0.039,ZOMKAP02,n/a
1156,MG2-90-08,Tb,BDC,2,40,,,,no solid product,n/a
1157,MG2-90-09,Tb,Phthalic,2,40,,,,no solid product,n/a
1158,MG2-90-10,Tb,Isophthalic,2,40,,,,no solid product,n/a
1159,MG2-90-11,Tb,BTC,2,40,0.064,0.064,0.064,CAQFEI,n/a
1160,MG2-90-12,Tb,Trimellitic,2,40,,,,ROWZEM,n/a
1161,MG2-90-13,Tb,Pyromellitic,2,40,,,,RIVSOH,unknown phase
1162,MG2-90-14,Tb,Mellitic,2,40,,0.083,0.083,ZOMKAP02,n/a
1163,MG2-90-15,Tb,BDC,5,40,,,,no solid product,n/a
1164,MG2-90-16,Tb,Phthalic,5,40,,,,no solid product,n/a
1165,MG2-90-17,Tb,Isophthalic,5,40,,,,no solid product,n/a
1166,MG2-90-18,Tb,BTC,5,40,19.106,0.108,0.108,CAQFEI,n/a
1167,MG2-90-19,Tb,Trimellitic,5,40,,0.116,0.116,ROWZEM,n/a
1168,MG2-90-20,Tb,Pyromellitic,5,40,,,,NU-2504,unknown phase
1169,MG2-90-21,Tb,Mellitic,5,40,,0.128,0.128,ZOMKAP02,n/a
1170,MG2-90-22,Tb,BDC,10,40,,,,no solid product,n/a
1171,MG2-90-23,Tb,Phthalic,10,40,,,,no solid product,n/a
1172,MG2-90-24,Tb,Isophthalic,10,40,,,,no solid product,n/a
1173,MG2-90-25,Tb,BTC,10,40,,19.15,19.15,CAQFEI,n/a
1174,MG2-90-26,Tb,Trimellitic,10,40,,4.156,4.156,no crystalline product,n/a
1175,MG2-90-27,Tb,Pyromellitic,10,40,,,,NU-2504,unknown phase
1176,MG2-90-28,Tb,Mellitic,10,40,0.171,0.171,0.171,ZOMKAP02,n/a
1177,MG2-90-29,Dy,BDC,0,40,,,,no solid product,n/a
1178,MG2-90-30,Dy,Phthalic,0,40,,,,no solid product,n/a
1179,MG2-90-31,Dy,Isophthalic,0,40,,,,no solid product,n/a
1180,MG2-90-32,Dy,BTC,0,40,0.198,0.742,0.198,CAQFEI,n/a
1181,MG2-90-33,Dy,Trimellitic,0,40,4.201,4.201,4.201,ROWZEM,n/a
1182,MG2-90-34,Dy,Pyromellitic,0,40,,,,unknown phase,n/a
1183,MG2-90-35,Dy,Mellitic,0,40,0.216,0.216,0.216,LAXGOH01,n/a
1184,MG2-90-36,Dy,BDC,2,40,,,,no solid product,n/a
1185,MG2-90-37,Dy,Phthalic,2,40,,,,no solid product,n/a
1186,MG2-90-38,Dy,Isophthalic,2,40,,,,no solid product,n/a
1187,MG2-90-39,Dy,BTC,2,40,,14.24,14.24,RAVJUV,n/a
1188,MG2-90-40,Dy,Trimellitic,2,40,,,,VOYWUB,n/a
1189,MG2-90-41,Dy,Pyromellitic,2,40,,,,unknown phase,n/a
1190,MG2-90-42,Dy,Mellitic,2,40,,0.262,0.262,LAXGOH01,n/a
1191,MG2-90-43,Dy,BDC,5,40,,,,no solid product,n/a
1192,MG2-90-44,Dy,Phthalic,5,40,,,,no solid product,n/a
1193,MG2-90-45,Dy,Isophthalic,5,40,0.28,,0.28,no solid product,n/a
1194,MG2-90-46,Dy,BTC,5,40,,,,RAVJUV,n/a
1195,MG2-90-47,Dy,Trimellitic,5,40,,,,ROWZEM,n/a
1196,MG2-90-48,Dy,Pyromellitic,5,40,,,,NU-2504,unknown phase
1197,MG2-90-49,Dy,Mellitic,5,40,0.306,0.306,0.306,ZOMKAP,n/a
1198,MG2-90-50,Dy,BDC,10,40,,,,no solid product,n/a
1199,MG2-90-51,Dy,Phthalic,10,40,2.316,,2.316,no solid product,n/a
1200,MG2-90-52,Dy,Isophthalic,10,40,,,,no solid product,n/a
1201,MG2-90-53,Dy,BTC,10,40,,,,no solid product,n/a
1202,MG2-90-54,Dy,Trimellitic,10,40,19.332,,19.332,VOYWUB,n/a
1203,MG2-90-55,Dy,Pyromellitic,10,40,,,,no solid product,n/a
1204,MG2-90-56,Dy,Mellitic,10,40,0.351,0.351,0.351,LAXGOH01,unknown phase
1205,MG2-90-57,Ho,BDC,0,40,2.355,,2.355,no solid product,n/a
1206,MG2-90-58,Ho,Phthalic,0,40,,,,no solid product,n/a
1207,MG2-90-59,Ho,Isophthalic,0,40,,,,no solid product,n/a
1208,MG2-90-60,Ho,BTC,0,40,0.921,4.374,0.921,RAVJUV,unknown phase
1209,MG2-90-61,Ho,Trimellitic,0,40,,19.379,19.379,VOYWUB,n/a
1210,MG2-90-62,Ho,Pyromellitic,0,40,,,,NU-2504,unknown phase
1211,MG2-90-63,Ho,Mellitic,0,40,1.484,0.396,0.396,ZOMKAP02,unknown phase
1212,MG2-90-64,Ho,BDC,2,40,,,,no solid product,n/a
1213,MG2-90-65,Ho,Phthalic,2,40,,,,no solid product,n/a
1214,MG2-90-66,Ho,Isophthalic,2,40,,,,no solid product,n/a
1215,MG2-90-67,Ho,BTC,2,40,,,,no crystalline product,n/a
1216,MG2-90-68,Ho,Trimellitic,2,40,,,,VOYWUB,n/a
1217,MG2-90-69,Ho,Pyromellitic,2,40,,,,NU-2504,unknown phase
1218,MG2-90-70,Ho,Mellitic,2,40,,0.441,0.441,ZOMKAP02,unknown phase
1219,MG2-90-71,Ho,BDC,5,40,,,,no solid product,n/a
1220,MG2-90-72,Ho,Phthalic,5,40,,,,no solid product,n/a
1221,MG2-90-73,Ho,Isophthalic,5,40,,,,no solid product,n/a
1222,MG2-90-74,Ho,BTC,5,40,,,,no crystalline product,n/a
1223,MG2-90-75,Ho,Trimellitic,5,40,19.467,,19.467,VOYWUB,n/a
1224,MG2-90-76,Ho,Pyromellitic,5,40,,,,NU-2504,unknown phase
1225,MG2-90-77,Ho,Mellitic,5,40,0.484,0.484,0.484,ZOMKAP02,unknown phase
1226,MG2-90-78,Ho,BDC,10,40,,,,no solid product,n/a
1227,MG2-90-79,Ho,Phthalic,10,40,,,,no solid product,n/a
1228,MG2-90-80,Ho,Isophthalic,10,40,,,,no solid product,n/a
1229,MG2-90-81,Ho,BTC,10,40,0.51,,0.51,no solid product,n/a
1230,MG2-90-82,Ho,Trimellitic,10,40,,,,no crystalline product,n/a
1231,MG2-90-83,Ho,Pyromellitic,10,40,,,,NU-2504,unknown phase
1232,MG2-90-84,Ho,Mellitic,10,40,0.529,0.529,0.529,unknown phase,n/a
1233,MG2-91-01,Er,BDC,0,40,,,,no solid product,n/a
1234,MG2-91-02,Er,Phthalic,0,40,,,,no solid product,n/a
1235,MG2-91-03,Er,Isophthalic,0,40,,,,no solid product,n/a
1236,MG2-91-04,Er,BTC,0,40,,,,unknown phase,n/a
1237,MG2-91-05,Er,Trimellitic,0,40,1.109,1.109,1.109,VOYWUB,n/a
1238,MG2-91-06,Er,Pyromellitic,0,40,,,,NU-2505,unknown phase
1239,MG2-91-07,Er,Mellitic,0,40,0.038,0.038,0.038,unknown phase,n/a
1240,MG2-91-08,Er,BDC,2,40,,,,no solid product,n/a
1241,MG2-91-09,Er,Phthalic,2,40,,,,no solid product,n/a
1242,MG2-91-10,Er,Isophthalic,2,40,,,,no solid product,n/a
1243,MG2-91-11,Er,BTC,2,40,,,,no solid product,n/a
1244,MG2-91-12,Er,Trimellitic,2,40,2.069,2.069,2.069,VOYWUB,n/a
1245,MG2-91-13,Er,Pyromellitic,2,40,4.075,4.075,4.075,NU-2505,unknown phase
1246,MG2-91-14,Er,Mellitic,2,40,0.084,0.084,0.084,unknown phase,n/a
1247,MG2-91-15,Er,BDC,5,40,,,,no solid product,n/a
1248,MG2-91-16,Er,Phthalic,5,40,,,,no solid product,n/a
1249,MG2-91-17,Er,Isophthalic,5,40,,,,no solid product,n/a
1250,MG2-91-18,Er,BTC,5,40,,,,no solid product,n/a
1251,MG2-91-19,Er,Trimellitic,5,40,10.113,10.113,10.113,VOYWUB,n/a
1252,MG2-91-20,Er,Pyromellitic,5,40,,,,NU-2505,unknown phase
1253,MG2-91-21,Er,Mellitic,5,40,0.128,0.128,0.128,unknown phase,n/a
1254,MG2-91-22,Er,BDC,10,40,,,,no solid product,n/a
1255,MG2-91-23,Er,Phthalic,10,40,,,,no solid product,n/a
1256,MG2-91-24,Er,Isophthalic,10,40,,,,no solid product,n/a
1257,MG2-91-25,Er,BTC,10,40,,,,no solid product,n/a
1258,MG2-91-26,Er,Trimellitic,10,40,,,,no crystalline product,n/a
1259,MG2-91-27,Er,Pyromellitic,10,40,,,,NU-2504,unknown phase
1260,MG2-91-28,Er,Mellitic,10,40,0.171,0.171,0.171,unknown phase,n/a
1261,MG2-91-29,Tm,BDC,0,40,,,,no solid product,n/a
1262,MG2-91-30,Tm,Phthalic,0,40,,,,no solid product,n/a
1263,MG2-91-31,Tm,Isophthalic,0,40,,,,no solid product,n/a
1264,MG2-91-32,Tm,BTC,0,40,,,,no solid product,n/a
1265,MG2-91-33,Tm,Trimellitic,0,40,,19.206,19.206,VOYWUB,n/a
1266,MG2-91-34,Tm,Pyromellitic,0,40,,19.212,19.212,NU-2505,unknown phase
1267,MG2-91-35,Tm,Mellitic,0,40,0.216,0.216,0.216,TUMHAK,unknown phase
1268,MG2-91-36,Tm,BDC,2,40,,,,no solid product,n/a
1269,MG2-91-37,Tm,Phthalic,2,40,,,,no solid product,n/a
1270,MG2-91-38,Tm,Isophthalic,2,40,,,,no solid product,n/a
1271,MG2-91-39,Tm,BTC,2,40,,,,no solid product,n/a
1272,MG2-91-40,Tm,Trimellitic,2,40,,0.248,0.248,VOYWUB,NU-2501
1273,MG2-91-41,Tm,Pyromellitic,2,40,1.339,10.255,1.339,NU-2505,unknown phase
1274,MG2-91-42,Tm,Mellitic,2,40,0.261,0.261,0.261,unknown phase,n/a
1275,MG2-91-43,Tm,BDC,5,40,,,,no solid product,n/a
1276,MG2-91-44,Tm,Phthalic,5,40,,,,no solid product,n/a
1277,MG2-91-45,Tm,Isophthalic,5,40,,,,no solid product,n/a
1278,MG2-91-46,Tm,BTC,5,40,,,,no solid product,n/a
1279,MG2-91-47,Tm,Trimellitic,5,40,,,,no crystalline product,n/a
1280,MG2-91-48,Tm,Pyromellitic,5,40,,,,NU-2505,unknown phase
1281,MG2-91-49,Tm,Mellitic,5,40,0.305,0.305,0.305,unknown phase,n/a
1282,MG2-91-50,Tm,BDC,10,40,,,,no solid product,n/a
1283,MG2-91-51,Tm,Phthalic,10,40,,,,no solid product,n/a
1284,MG2-91-52,Tm,Isophthalic,10,40,,0.867,0.867,no solid product,n/a
1285,MG2-91-53,Tm,BTC,10,40,,,,no solid product,n/a
1286,MG2-91-54,Tm,Trimellitic,10,40,,,,no crystalline product,n/a
1287,MG2-91-55,Tm,Pyromellitic,10,40,10.348,,10.348,no solid product,n/a
1288,MG2-91-56,Tm,Mellitic,10,40,0.349,0.349,0.349,TUMHAK,unknown phase
1289,MG2-91-57,Yb,BDC,0,40,,,,no solid product,n/a
1290,MG2-91-58,Yb,Phthalic,0,40,,,,no solid product,n/a
1291,MG2-91-59,Yb,Isophthalic,0,40,,,,no solid product,n/a
1292,MG2-91-60,Yb,BTC,0,40,,,,no crystalline product,n/a
1293,MG2-91-61,Yb,Trimellitic,0,40,,,,VOYWUB,n/a
1294,MG2-91-62,Yb,Pyromellitic,0,40,,,,NU-2505,unknown phase
1295,MG2-91-63,Yb,Mellitic,0,40,0.395,0.395,0.395,TUMHAK,unknown phase
1296,MG2-91-64,Yb,BDC,2,40,,,,no solid product,n/a
1297,MG2-91-65,Yb,Phthalic,2,40,,,,no solid product,n/a
1298,MG2-91-66,Yb,Isophthalic,2,40,,,,no solid product,n/a
1299,MG2-91-67,Yb,BTC,2,40,,,,no solid product,n/a
1300,MG2-91-68,Yb,Trimellitic,2,40,,,,no crystalline product,n/a
1301,MG2-91-69,Yb,Pyromellitic,2,40,14.442,,14.442,NU-2505,unknown phase
1302,MG2-91-70,Yb,Mellitic,2,40,0.439,0.439,0.439,unknown phase,n/a
1303,MG2-91-71,Yb,BDC,5,40,,,,no solid product,n/a
1304,MG2-91-72,Yb,Phthalic,5,40,,,,no solid product,n/a
1305,MG2-91-73,Yb,Isophthalic,5,40,,,,no solid product,n/a
1306,MG2-91-74,Yb,BTC,5,40,,,,no solid product,n/a
1307,MG2-91-75,Yb,Trimellitic,5,40,,,,no crystalline product,n/a
1308,MG2-91-76,Yb,Pyromellitic,5,40,,,,NU-2505,unknown phase
1309,MG2-91-77,Yb,Mellitic,5,40,0.483,0.483,0.483,unknown phase,n/a
1310,MG2-91-78,Yb,BDC,10,40,,,,no solid product,n/a
1311,MG2-91-79,Yb,Phthalic,10,40,,,,no solid product,n/a
1312,MG2-91-80,Yb,Isophthalic,10,40,,,,no solid product,n/a
1313,MG2-91-81,Yb,BTC,10,40,,,,no solid product,n/a
1314,MG2-91-82,Yb,Trimellitic,10,40,,,,no solid product,n/a
1315,MG2-91-83,Yb,Pyromellitic,10,40,,,,unknown phase,n/a
1316,MG2-91-84,Yb,Mellitic,10,40,0.527,0.527,0.527,unknown phase,n/a
1317,MG2-92-01,Lu,BDC,0,40,,,,no solid product,n/a
1318,MG2-92-02,Lu,Phthalic,0,40,,,,no solid product,n/a
1319,MG2-92-03,Lu,Isophthalic,0,40,,,,no solid product,n/a
1320,MG2-92-04,Lu,BTC,0,40,,,,no crystalline product,n/a
1321,MG2-92-05,Lu,Trimellitic,0,40,,,,VOYWUB,n/a
1322,MG2-92-06,Lu,Pyromellitic,0,40,,6.029,6.029,NU-2505,n/a
1323,MG2-92-07,Lu,Mellitic,0,40,0.038,0.038,0.038,unknown phase,n/a
1324,MG2-92-08,Lu,BDC,2,40,,,,no solid product,n/a
1325,MG2-92-09,Lu,Phthalic,2,40,,,,no solid product,n/a
1326,MG2-92-10,Lu,Isophthalic,2,40,,,,no solid product,n/a
1327,MG2-92-11,Lu,BTC,2,40,,,,no solid product,n/a
1328,MG2-92-12,Lu,Trimellitic,2,40,,,,no solid product,n/a
1329,MG2-92-13,Lu,Pyromellitic,2,40,,6.073,6.073,NU-2505,n/a
1330,MG2-92-14,Lu,Mellitic,2,40,0.082,0.082,0.082,unknown phase,n/a
1331,MG2-92-15,Lu,BDC,5,40,,,,no solid product,n/a
1332,MG2-92-16,Lu,Phthalic,5,40,,,,no solid product,n/a
1333,MG2-92-17,Lu,Isophthalic,5,40,,,,no solid product,n/a
1334,MG2-92-18,Lu,BTC,5,40,,,,no solid product,n/a
1335,MG2-92-19,Lu,Trimellitic,5,40,,,,no solid product,n/a
1336,MG2-92-20,Lu,Pyromellitic,5,40,,,,NU-2505,n/a
1337,MG2-92-21,Lu,Mellitic,5,40,0.127,0.127,0.127,unknown phase,n/a
1338,MG2-92-22,Lu,BDC,10,40,,,,no solid product,n/a
1339,MG2-92-23,Lu,Phthalic,10,40,,,,no solid product,n/a
1340,MG2-92-24,Lu,Isophthalic,10,40,,,,no solid product,n/a
1341,MG2-92-25,Lu,BTC,10,40,,,,no solid product,n/a
1342,MG2-92-26,Lu,Trimellitic,10,40,,,,no solid product,n/a
1343,MG2-92-27,Lu,Pyromellitic,10,40,,,,NU-2505,unknown phase
1344,MG2-92-28,Lu,Mellitic,10,40,0.171,0.171,0.171,unknown phase,n/a
1345,MG2-100-01,La+Lu,BTC,0,80,0,0,0,YIMRUL,n/a
1346,MG2-100-02,La+Lu,Trimellitic,0,80,0.672,0.837,0.672,UTONAT,n/a
1347,MG2-100-03,La+Lu,Pyromellitic,0,80,0.678,0.177,0.177,RIVSOH,n/a
1348,MG2-100-04,La+Lu,Mellitic,0,80,0.021,0.021,0.021,HAPTOJ,n/a
1349,MG2-100-05,La+Lu,BTC,2,80,0.027,0.027,0.027,YIMRUL,n/a
1350,MG2-100-06,La+Lu,Trimellitic,2,80,,,,no solid product,n/a
1351,MG2-100-07,La+Lu,Pyromellitic,2,80,,,,RIVSOH,unknown phase
1352,MG2-100-08,La+Lu,Mellitic,2,80,0.048,0.877,0.048,HAPTOJ,n/a
1353,MG2-100-09,La+Lu,BTC,5,80,0.217,0.217,0.217,YIMRUL,n/a
1354,MG2-100-10,La+Lu,Trimellitic,5,80,,,,no solid product,n/a
1355,MG2-100-11,La+Lu,Pyromellitic,5,80,0.396,0.563,0.396,RIVSOH,n/a
1356,MG2-100-12,La+Lu,Mellitic,5,80,0.074,0.074,0.074,HAPTOJ,n/a
1357,MG2-100-13,La+Lu,BTC,10,80,0.081,0.243,0.081,YIMRUL,n/a
1358,MG2-100-14,La+Lu,Trimellitic,10,80,,,,no solid product,n/a
1359,MG2-100-15,La+Lu,Pyromellitic,10,80,,,,no solid product,n/a
1360,MG2-100-16,La+Lu,Mellitic,10,80,0.101,0.429,0.101,HAPTOJ,n/a
1361,MG2-101-01,La+Lu,BTC,0,60,0,0,0,YIMRUL,n/a
1362,MG2-101-02,La+Lu,Trimellitic,0,60,,,,no solid product,n/a
1363,MG2-101-03,La+Lu,Pyromellitic,0,60,0.511,0.511,0.511,unknown phase,RIVSOH
1364,MG2-101-04,La+Lu,Mellitic,0,60,0.019,0.351,0.019,no crystalline product,n/a
1365,MG2-101-05,La+Lu,BTC,2,60,0.026,0.026,0.026,YIMRUL,n/a
1366,MG2-101-06,La+Lu,Trimellitic,2,60,,,,no solid product,n/a
1367,MG2-101-07,La+Lu,Pyromellitic,2,60,0.204,0.536,0.204,unknown phase,n/a
1368,MG2-101-08,La+Lu,Mellitic,2,60,0.045,0.21,0.045,no crystalline product,n/a
1369,MG2-101-09,La+Lu,BTC,5,60,0.382,0.382,0.382,YIMRUL,unknown phase
1370,MG2-101-10,La+Lu,Trimellitic,5,60,,,,no solid product,n/a
1371,MG2-101-11,La+Lu,Pyromellitic,5,60,,,,no solid product,n/a
1372,MG2-101-12,La+Lu,Mellitic,5,60,0.071,0.402,0.071,no crystalline product,n/a
1373,MG2-101-13,La+Lu,BTC,10,60,0.077,0.243,0.077,YIMRUL,n/a
1374,MG2-101-14,La+Lu,Trimellitic,10,60,,,,no solid product,n/a
1375,MG2-101-15,La+Lu,Pyromellitic,10,60,,,,no solid product,n/a
1376,MG2-101-16,La+Lu,Mellitic,10,60,0.097,0.097,0.097,no crystalline product,n/a
1377,MG2-102-01,La+Lu,BTC,0,40,0,0.499,0,YIMRUL,n/a
1378,MG2-102-02,La+Lu,Trimellitic,0,40,,,,no solid product,n/a
1379,MG2-102-03,La+Lu,Pyromellitic,0,40,,,,no solid product,n/a
1380,MG2-102-04,La+Lu,Mellitic,0,40,0.02,0.02,0.02,no crystalline product,n/a
1381,MG2-102-05,La+Lu,BTC,2,40,0.026,0.026,0.026,YIMRUL,n/a
1382,MG2-102-06,La+Lu,Trimellitic,2,40,,,,no solid product,n/a
1383,MG2-102-07,La+Lu,Pyromellitic,2,40,0.205,0.372,0.205,unknown phase,n/a
1384,MG2-102-08,La+Lu,Mellitic,2,40,0.047,0.047,0.047,no crystalline product,n/a
1385,MG2-102-09,La+Lu,BTC,5,40,0.719,0.554,0.554,YIMRUL,n/a
1386,MG2-102-10,La+Lu,Trimellitic,5,40,,,,no solid product,n/a
1387,MG2-102-11,La+Lu,Pyromellitic,5,40,,,,no solid product,n/a
1388,MG2-102-12,La+Lu,Mellitic,5,40,0.074,0.907,0.074,no crystalline product,n/a
1389,MG2-102-13,La+Lu,BTC,10,40,0.08,0.914,0.08,YIMRUL,n/a
1390,MG2-102-14,La+Lu,Trimellitic,10,40,,,,no solid product,n/a
1391,MG2-102-15,La+Lu,Pyromellitic,10,40,,,,no solid product,n/a
1392,MG2-102-16,La+Lu,Mellitic,10,40,0.101,0.101,0.101,no crystalline product,n/a
1393,MG2-103-01,La+Gd,BTC,0,80,0,0,0,YIMRUL,n/a
1394,MG2-103-02,La+Gd,Trimellitic,0,80,0.172,0.339,0.172,UTONAT,n/a
1395,MG2-103-03,La+Gd,Pyromellitic,0,80,0.014,0.014,0.014,RIVSOH,n/a
1396,MG2-103-04,La+Gd,Mellitic,0,80,0.02,,0.02,HAPTOJ,n/a
1397,MG2-103-05,La+Gd,BTC,2,80,0.027,0.027,0.027,YIMRUL,n/a
1398,MG2-103-06,La+Gd,Trimellitic,2,80,0.531,0.699,0.531,UTONAT,n/a
1399,MG2-103-07,La+Gd,Pyromellitic,2,80,0.041,0.041,0.041,RIVSOH,n/a
1400,MG2-103-08,La+Gd,Mellitic,2,80,0.047,0.047,0.047,NACKOT,n/a
1401,MG2-103-09,La+Gd,BTC,5,80,0.219,0.219,0.219,YIMRUL,unknown phase
1402,MG2-103-10,La+Gd,Trimellitic,5,80,0.727,,0.727,no solid product,n/a
1403,MG2-103-11,La+Gd,Pyromellitic,5,80,0.068,0.564,0.068,RIVSOH,n/a
1404,MG2-103-12,La+Gd,Mellitic,5,80,0.074,0.239,0.074,HAPTOJ,n/a
1405,MG2-103-13,La+Gd,BTC,10,80,0.081,0.081,0.081,YIMRUL,n/a
1406,MG2-103-14,La+Gd,Trimellitic,10,80,,,,no solid product,n/a
1407,MG2-103-15,La+Gd,Pyromellitic,10,80,0.428,0.76,0.428,RIVSOH,unknown phase
1408,MG2-103-16,La+Gd,Mellitic,10,80,0.101,0.101,0.101,HAPTOJ,n/a
1409,MG2-104-01,La+Gd,BTC,0,60,0,0,0,YIMRUL,n/a
1410,MG2-104-02,La+Gd,Trimellitic,0,60,0.339,0.505,0.339,UTONAT,n/a
1411,MG2-104-03,La+Gd,Pyromellitic,0,60,0.014,0.346,0.014,RIVSOH,n/a
1412,MG2-104-04,La+Gd,Mellitic,0,60,0.021,0.186,0.021,no crystalline product,n/a
1413,MG2-104-05,La+Gd,BTC,2,60,0.027,0.027,0.027,YIMRUL,n/a
1414,MG2-104-06,La+Gd,Trimellitic,2,60,1.031,,1.031,no solid product,n/a
1415,MG2-104-07,La+Gd,Pyromellitic,2,60,0.041,0.041,0.041,RIVSOH,n/a
1416,MG2-104-08,La+Gd,Mellitic,2,60,0.048,,0.048,no crystalline product,n/a
1417,MG2-104-09,La+Gd,BTC,5,60,0.219,0.219,0.219,YIMRUL,n/a
1418,MG2-104-10,La+Gd,Trimellitic,5,60,1.058,,1.058,no solid product,n/a
1419,MG2-104-11,La+Gd,Pyromellitic,5,60,0.068,0.232,0.068,RIVSOH,n/a
1420,MG2-104-12,La+Gd,Mellitic,5,60,0.075,,0.075,no crystalline product,n/a
1421,MG2-104-13,La+Gd,BTC,10,60,0.081,0.081,0.081,YIMRUL,n/a
1422,MG2-104-14,La+Gd,Trimellitic,10,60,,,,no solid product,n/a
1423,MG2-104-15,La+Gd,Pyromellitic,10,60,,,,no solid product,n/a
1424,MG2-104-16,La+Gd,Mellitic,10,60,0.102,0.43,0.102,no crystalline product,n/a
1425,MG2-105-01,La+Gd,BTC,0,40,0,0,0,YIMRUL,n/a
1426,MG2-105-02,La+Gd,Trimellitic,0,40,,,,no solid product,n/a
1427,MG2-105-03,La+Gd,Pyromellitic,0,40,0.014,0.343,0.014,RIVSOH,n/a
1428,MG2-105-04,La+Gd,Mellitic,0,40,0.021,0.021,0.021,no crystalline product,n/a
1429,MG2-105-05,La+Gd,BTC,2,40,0.028,0.028,0.028,YIMRUL,n/a
1430,MG2-105-06,La+Gd,Trimellitic,2,40,,,,no solid product,n/a
1431,MG2-105-07,La+Gd,Pyromellitic,2,40,0.041,0.041,0.041,RIVSOH,n/a
1432,MG2-105-08,La+Gd,Mellitic,2,40,0.049,0.212,0.049,no crystalline product,n/a
1433,MG2-105-09,La+Gd,BTC,5,40,0.219,0.219,0.219,YIMRUL,unknown phase
1434,MG2-105-10,La+Gd,Trimellitic,5,40,,,,no solid product,n/a
1435,MG2-105-11,La+Gd,Pyromellitic,5,40,0.068,0.232,0.068,RIVSOH,n/a
1436,MG2-105-12,La+Gd,Mellitic,5,40,0.076,0.076,0.076,no crystalline product,n/a
1437,MG2-105-13,La+Gd,BTC,10,40,0.409,0.409,0.409,YIMRUL,n/a
1438,MG2-105-14,La+Gd,Trimellitic,10,40,,,,no solid product,n/a
1439,MG2-105-15,La+Gd,Pyromellitic,10,40,,,,no solid product,n/a
1440,MG2-105-16,La+Gd,Mellitic,10,40,0.103,0.103,0.103,no crystalline product,n/a
1441,MG2-106-01,Gd+Lu,BTC,0,80,0,0,0,CAQFEI,n/a
1442,MG2-106-02,Gd+Lu,Trimellitic,0,80,0.671,0.504,0.504,VOYWUB,n/a
1443,MG2-106-03,Gd+Lu,Pyromellitic,0,80,,,,UZATAR,n/a
1444,MG2-106-04,Gd+Lu,Mellitic,0,80,0.021,0.021,0.021,no crystalline product,n/a
1445,MG2-106-05,Gd+Lu,BTC,2,80,0.857,0.857,0.857,no crystalline product,n/a
1446,MG2-106-06,Gd+Lu,Trimellitic,2,80,,,,no solid product,n/a
1447,MG2-106-07,Gd+Lu,Pyromellitic,2,80,,,,no solid product,n/a
1448,MG2-106-08,Gd+Lu,Mellitic,2,80,0.048,0.048,0.048,no crystalline product,n/a
1449,MG2-106-09,Gd+Lu,BTC,5,80,,,,no solid product,n/a
1450,MG2-106-10,Gd+Lu,Trimellitic,5,80,,,,no crystalline product,n/a
1451,MG2-106-11,Gd+Lu,Pyromellitic,5,80,,,,no solid product,n/a
1452,MG2-106-12,Gd+Lu,Mellitic,5,80,0.076,0.076,0.076,no crystalline product,n/a
1453,MG2-106-13,Gd+Lu,BTC,10,80,,,,no solid product,n/a
1454,MG2-106-14,Gd+Lu,Trimellitic,10,80,,,,no solid product,n/a
1455,MG2-106-15,Gd+Lu,Pyromellitic,10,80,,,,no solid product,n/a
1456,MG2-106-16,Gd+Lu,Mellitic,10,80,0.103,0.103,0.103,no crystalline product,n/a
1457,MG2-107-01,Gd+Lu,BTC,0,60,0.332,0.332,0.332,CAQFEI,unknown phase
1458,MG2-107-02,Gd+Lu,Trimellitic,0,60,,,,VOYWUB,n/a
1459,MG2-107-03,Gd+Lu,Pyromellitic,0,60,,,,no solid product,n/a
1460,MG2-107-04,Gd+Lu,Mellitic,0,60,0.016,0.181,0.016,no crystalline product,n/a
1461,MG2-107-05,Gd+Lu,BTC,2,60,0.686,0.686,0.686,no crystalline product,n/a
1462,MG2-107-06,Gd+Lu,Trimellitic,2,60,,,,no solid product,n/a
1463,MG2-107-07,Gd+Lu,Pyromellitic,2,60,,,,no solid product,n/a
1464,MG2-107-08,Gd+Lu,Mellitic,2,60,0.037,0.037,0.037,no crystalline product,n/a
1465,MG2-107-09,Gd+Lu,BTC,5,60,,,,no solid product,n/a
1466,MG2-107-10,Gd+Lu,Trimellitic,5,60,0.713,,0.713,no crystalline product,n/a
1467,MG2-107-11,Gd+Lu,Pyromellitic,5,60,,,,no solid product,n/a
1468,MG2-107-12,Gd+Lu,Mellitic,5,60,0.058,0.058,0.058,no crystalline product,n/a
1469,MG2-107-13,Gd+Lu,BTC,10,60,,,,no solid product,n/a
1470,MG2-107-14,Gd+Lu,Trimellitic,10,60,,,,no solid product,n/a
1471,MG2-107-15,Gd+Lu,Pyromellitic,10,60,,,,no solid product,n/a
1472,MG2-107-16,Gd+Lu,Mellitic,10,60,0.079,0.079,0.079,no crystalline product,n/a
1473,MG2-108-01,Gd+Lu,BTC,0,40,0.166,0.332,0.166,CAQFEI,n/a
1474,MG2-108-02,Gd+Lu,Trimellitic,0,40,,,,no solid product,n/a
1475,MG2-108-03,Gd+Lu,Pyromellitic,0,40,1.011,,1.011,no solid product,n/a
1476,MG2-108-04,Gd+Lu,Mellitic,0,40,0.02,0.02,0.02,no crystalline product,n/a
1477,MG2-108-05,Gd+Lu,BTC,2,40,0.858,1.025,0.858,RAVJUV,n/a
1478,MG2-108-06,Gd+Lu,Trimellitic,2,40,,,,no solid product,n/a
1479,MG2-108-07,Gd+Lu,Pyromellitic,2,40,,,,no solid product,n/a
1480,MG2-108-08,Gd+Lu,Mellitic,2,40,0.212,0.048,0.048,no crystalline product,n/a
1481,MG2-108-09,Gd+Lu,BTC,5,40,,,,no crystalline product,n/a
1482,MG2-108-10,Gd+Lu,Trimellitic,5,40,,,,no solid product,n/a
1483,MG2-108-11,Gd+Lu,Pyromellitic,5,40,,,,no solid product,n/a
1484,MG2-108-12,Gd+Lu,Mellitic,5,40,0.074,0.074,0.074,no crystalline product,n/a
1485,MG2-108-13,Gd+Lu,BTC,10,40,,,,no solid product,n/a
1486,MG2-108-14,Gd+Lu,Trimellitic,10,40,,,,no solid product,n/a
1487,MG2-108-15,Gd+Lu,Pyromellitic,10,40,,,,no solid product,n/a
1488,MG2-108-16,Gd+Lu,Mellitic,10,40,0.102,0.102,0.102,no crystalline product,n/a
