Record_ID,Source_Record_ID,Source_DOI,Source_Data_DOI,Source_URL,Source_Data_URL,Article_Title,Metal_Ligand_Group,MOF,Legante,Ligand_SMILES,Ligand_InChIKey,Famiglia_Legante,Metallo,Sale_Metallico,Counterion_Class,Hydration_Number,Oxidation_State,Solvente,Solvent_Fractions,Additivo_Colinker,Acetic_Acid_Concentration_M,Temperatura_C,Tempo_ore,mmol_Legante,mmol_Sale,Rapporto_LM,Volume_solvente_mL,Total_Precursor_Concentration_M,Synthetic_Method,Vessel_Type,First_Heterogeneous_Phase_h,First_Solid_h,First_Heterogeneous_or_Solid_h,Primary_Phase_Raw,Secondary_Phase_Raw,Source_Type,Evidence_Type,Extraction_Method,Supporting_File,Independent_Review_Status,Training_Eligibility,Exclusion_Reason,Outcome_Class,Outcome_Label,Outcome_Raw_Text,Outcome_Mapping_Rule,PXRD_Confirmed,SCXRD_Confirmed,Target_Phase_Match,Evidence_Statement
V13-REHT-0035,MG2-75-35,10.1039/d5sc09992g,10.5281/zenodo.17902549,https://doi.org/10.1039/d5sc09992g,https://doi.org/10.5281/zenodo.17902549,"Mapping the crystallization landscape of rare earth MOFs: a high-throughput investigation of structure, kinetics, and selectivity",PAIR::y::mellitic acid,,mellitic acid,,,Aromatic hexacarboxylate,Y,rare-earth nitrate salt(s); hydration not encoded in campaign key,nitrate,,3,EtOH/H2O (fractions not encoded in campaign key),,Nessuno,0.0,80.0,18.0,,,,,,Automated solvothermal synthesis,Automated vial; exact geometry in source SI,0.217,0.217,0.217,unknown phase,,peer_reviewed_high_throughput_literature,Author-assigned HT-PXRD/CV campaign outcome,direct_machine_readable_campaign_key,v13_source_rare_earth_landscape.csv,SOURCE_VERIFIED_SINGLE_CURATION_PASS,False,"Evidence-only: absolute precursor amounts, ligand:metal ratio, and solvent volume are not encoded in the public campaign key.",,Unknown crystalline phase — review,unknown phase,No class assigned: unknown phase is not equivalent to failure or amorphous product,True,False,,Author-assigned unknown phase; retained outside negative labels.
V13-REHT-0042,MG2-75-42,10.1039/d5sc09992g,10.5281/zenodo.17902549,https://doi.org/10.1039/d5sc09992g,https://doi.org/10.5281/zenodo.17902549,"Mapping the crystallization landscape of rare earth MOFs: a high-throughput investigation of structure, kinetics, and selectivity",PAIR::y::mellitic acid,,mellitic acid,,,Aromatic hexacarboxylate,Y,rare-earth nitrate salt(s); hydration not encoded in campaign key,nitrate,,3,EtOH/H2O (fractions not encoded in campaign key),,Acido acetico,2.0,80.0,18.0,,,,,,Automated solvothermal synthesis,Automated vial; exact geometry in source SI,0.261,0.261,0.261,unknown phase,,peer_reviewed_high_throughput_literature,Author-assigned HT-PXRD/CV campaign outcome,direct_machine_readable_campaign_key,v13_source_rare_earth_landscape.csv,SOURCE_VERIFIED_SINGLE_CURATION_PASS,False,"Evidence-only: absolute precursor amounts, ligand:metal ratio, and solvent volume are not encoded in the public campaign key.",,Unknown crystalline phase — review,unknown phase,No class assigned: unknown phase is not equivalent to failure or amorphous product,True,False,,Author-assigned unknown phase; retained outside negative labels.
V13-REHT-0049,MG2-75-49,10.1039/d5sc09992g,10.5281/zenodo.17902549,https://doi.org/10.1039/d5sc09992g,https://doi.org/10.5281/zenodo.17902549,"Mapping the crystallization landscape of rare earth MOFs: a high-throughput investigation of structure, kinetics, and selectivity",PAIR::y::mellitic acid,,mellitic acid,,,Aromatic hexacarboxylate,Y,rare-earth nitrate salt(s); hydration not encoded in campaign key,nitrate,,3,EtOH/H2O (fractions not encoded in campaign key),,Acido acetico,5.0,80.0,18.0,,,,,,Automated solvothermal synthesis,Automated vial; exact geometry in source SI,0.306,0.306,0.306,unknown phase,,peer_reviewed_high_throughput_literature,Author-assigned HT-PXRD/CV campaign outcome,direct_machine_readable_campaign_key,v13_source_rare_earth_landscape.csv,SOURCE_VERIFIED_SINGLE_CURATION_PASS,False,"Evidence-only: absolute precursor amounts, ligand:metal ratio, and solvent volume are not encoded in the public campaign key.",,Unknown crystalline phase — review,unknown phase,No class assigned: unknown phase is not equivalent to failure or amorphous product,True,False,,Author-assigned unknown phase; retained outside negative labels.
V13-REHT-0056,MG2-75-56,10.1039/d5sc09992g,10.5281/zenodo.17902549,https://doi.org/10.1039/d5sc09992g,https://doi.org/10.5281/zenodo.17902549,"Mapping the crystallization landscape of rare earth MOFs: a high-throughput investigation of structure, kinetics, and selectivity",PAIR::y::mellitic acid,,mellitic acid,,,Aromatic hexacarboxylate,Y,rare-earth nitrate salt(s); hydration not encoded in campaign key,nitrate,,3,EtOH/H2O (fractions not encoded in campaign key),,Acido acetico,10.0,80.0,18.0,,,,,,Automated solvothermal synthesis,Automated vial; exact geometry in source SI,0.352,0.352,0.352,unknown phase,,peer_reviewed_high_throughput_literature,Author-assigned HT-PXRD/CV campaign outcome,direct_machine_readable_campaign_key,v13_source_rare_earth_landscape.csv,SOURCE_VERIFIED_SINGLE_CURATION_PASS,False,"Evidence-only: absolute precursor amounts, ligand:metal ratio, and solvent volume are not encoded in the public campaign key.",,Unknown crystalline phase — review,unknown phase,No class assigned: unknown phase is not equivalent to failure or amorphous product,True,False,,Author-assigned unknown phase; retained outside negative labels.
V13-REHT-0230,MG2-77-62,10.1039/d5sc09992g,10.5281/zenodo.17902549,https://doi.org/10.1039/d5sc09992g,https://doi.org/10.5281/zenodo.17902549,"Mapping the crystallization landscape of rare earth MOFs: a high-throughput investigation of structure, kinetics, and selectivity",PAIR::gd::pyromellitic acid,,pyromellitic acid,,,Aromatic tetracarboxylate,Gd,rare-earth nitrate salt(s); hydration not encoded in campaign key,nitrate,,3,EtOH/H2O (fractions not encoded in campaign key),,Nessuno,0.0,80.0,18.0,,,,,,Automated solvothermal synthesis,Automated vial; exact geometry in source SI,0.389,0.389,0.389,unknown phase,,peer_reviewed_high_throughput_literature,Author-assigned HT-PXRD/CV campaign outcome,direct_machine_readable_campaign_key,v13_source_rare_earth_landscape.csv,SOURCE_VERIFIED_SINGLE_CURATION_PASS,False,"Evidence-only: absolute precursor amounts, ligand:metal ratio, and solvent volume are not encoded in the public campaign key.",,Unknown crystalline phase — review,unknown phase,No class assigned: unknown phase is not equivalent to failure or amorphous product,True,False,,Author-assigned unknown phase; retained outside negative labels.
V13-REHT-0258,MG2-78-06,10.1039/d5sc09992g,10.5281/zenodo.17902549,https://doi.org/10.1039/d5sc09992g,https://doi.org/10.5281/zenodo.17902549,"Mapping the crystallization landscape of rare earth MOFs: a high-throughput investigation of structure, kinetics, and selectivity",PAIR::tb::pyromellitic acid,,pyromellitic acid,,,Aromatic tetracarboxylate,Tb,rare-earth nitrate salt(s); hydration not encoded in campaign key,nitrate,,3,EtOH/H2O (fractions not encoded in campaign key),,Nessuno,0.0,80.0,18.0,,,,,,Automated solvothermal synthesis,Automated vial; exact geometry in source SI,,0.58,0.58,unknown phase,,peer_reviewed_high_throughput_literature,Author-assigned HT-PXRD/CV campaign outcome,direct_machine_readable_campaign_key,v13_source_rare_earth_landscape.csv,SOURCE_VERIFIED_SINGLE_CURATION_PASS,False,"Evidence-only: absolute precursor amounts, ligand:metal ratio, and solvent volume are not encoded in the public campaign key.",,Unknown crystalline phase — review,unknown phase,No class assigned: unknown phase is not equivalent to failure or amorphous product,True,False,,Author-assigned unknown phase; retained outside negative labels.
V13-REHT-0364,MG2-79-28,10.1039/d5sc09992g,10.5281/zenodo.17902549,https://doi.org/10.1039/d5sc09992g,https://doi.org/10.5281/zenodo.17902549,"Mapping the crystallization landscape of rare earth MOFs: a high-throughput investigation of structure, kinetics, and selectivity",PAIR::er::mellitic acid,,mellitic acid,,,Aromatic hexacarboxylate,Er,rare-earth nitrate salt(s); hydration not encoded in campaign key,nitrate,,3,EtOH/H2O (fractions not encoded in campaign key),,Acido acetico,10.0,80.0,18.0,,,,,,Automated solvothermal synthesis,Automated vial; exact geometry in source SI,0.168,0.168,0.168,unknown phase,,peer_reviewed_high_throughput_literature,Author-assigned HT-PXRD/CV campaign outcome,direct_machine_readable_campaign_key,v13_source_rare_earth_landscape.csv,SOURCE_VERIFIED_SINGLE_CURATION_PASS,False,"Evidence-only: absolute precursor amounts, ligand:metal ratio, and solvent volume are not encoded in the public campaign key.",,Unknown crystalline phase — review,unknown phase,No class assigned: unknown phase is not equivalent to failure or amorphous product,True,False,,Author-assigned unknown phase; retained outside negative labels.
V13-REHT-0371,MG2-79-35,10.1039/d5sc09992g,10.5281/zenodo.17902549,https://doi.org/10.1039/d5sc09992g,https://doi.org/10.5281/zenodo.17902549,"Mapping the crystallization landscape of rare earth MOFs: a high-throughput investigation of structure, kinetics, and selectivity",PAIR::tm::mellitic acid,,mellitic acid,,,Aromatic hexacarboxylate,Tm,rare-earth nitrate salt(s); hydration not encoded in campaign key,nitrate,,3,EtOH/H2O (fractions not encoded in campaign key),,Nessuno,0.0,80.0,18.0,,,,,,Automated solvothermal synthesis,Automated vial; exact geometry in source SI,0.211,0.211,0.211,unknown phase,,peer_reviewed_high_throughput_literature,Author-assigned HT-PXRD/CV campaign outcome,direct_machine_readable_campaign_key,v13_source_rare_earth_landscape.csv,SOURCE_VERIFIED_SINGLE_CURATION_PASS,False,"Evidence-only: absolute precursor amounts, ligand:metal ratio, and solvent volume are not encoded in the public campaign key.",,Unknown crystalline phase — review,unknown phase,No class assigned: unknown phase is not equivalent to failure or amorphous product,True,False,,Author-assigned unknown phase; retained outside negative labels.
V13-REHT-0378,MG2-79-42,10.1039/d5sc09992g,10.5281/zenodo.17902549,https://doi.org/10.1039/d5sc09992g,https://doi.org/10.5281/zenodo.17902549,"Mapping the crystallization landscape of rare earth MOFs: a high-throughput investigation of structure, kinetics, and selectivity",PAIR::tm::mellitic acid,,mellitic acid,,,Aromatic hexacarboxylate,Tm,rare-earth nitrate salt(s); hydration not encoded in campaign key,nitrate,,3,EtOH/H2O (fractions not encoded in campaign key),,Acido acetico,2.0,80.0,18.0,,,,,,Automated solvothermal synthesis,Automated vial; exact geometry in source SI,0.254,0.254,0.254,unknown phase,,peer_reviewed_high_throughput_literature,Author-assigned HT-PXRD/CV campaign outcome,direct_machine_readable_campaign_key,v13_source_rare_earth_landscape.csv,SOURCE_VERIFIED_SINGLE_CURATION_PASS,False,"Evidence-only: absolute precursor amounts, ligand:metal ratio, and solvent volume are not encoded in the public campaign key.",,Unknown crystalline phase — review,unknown phase,No class assigned: unknown phase is not equivalent to failure or amorphous product,True,False,,Author-assigned unknown phase; retained outside negative labels.
V13-REHT-0385,MG2-79-49,10.1039/d5sc09992g,10.5281/zenodo.17902549,https://doi.org/10.1039/d5sc09992g,https://doi.org/10.5281/zenodo.17902549,"Mapping the crystallization landscape of rare earth MOFs: a high-throughput investigation of structure, kinetics, and selectivity",PAIR::tm::mellitic acid,,mellitic acid,,,Aromatic hexacarboxylate,Tm,rare-earth nitrate salt(s); hydration not encoded in campaign key,nitrate,,3,EtOH/H2O (fractions not encoded in campaign key),,Acido acetico,5.0,80.0,18.0,,,,,,Automated solvothermal synthesis,Automated vial; exact geometry in source SI,0.299,0.299,0.299,unknown phase,,peer_reviewed_high_throughput_literature,Author-assigned HT-PXRD/CV campaign outcome,direct_machine_readable_campaign_key,v13_source_rare_earth_landscape.csv,SOURCE_VERIFIED_SINGLE_CURATION_PASS,False,"Evidence-only: absolute precursor amounts, ligand:metal ratio, and solvent volume are not encoded in the public campaign key.",,Unknown crystalline phase — review,unknown phase,No class assigned: unknown phase is not equivalent to failure or amorphous product,True,False,,Author-assigned unknown phase; retained outside negative labels.
V13-REHT-0392,MG2-79-56,10.1039/d5sc09992g,10.5281/zenodo.17902549,https://doi.org/10.1039/d5sc09992g,https://doi.org/10.5281/zenodo.17902549,"Mapping the crystallization landscape of rare earth MOFs: a high-throughput investigation of structure, kinetics, and selectivity",PAIR::tm::mellitic acid,,mellitic acid,,,Aromatic hexacarboxylate,Tm,rare-earth nitrate salt(s); hydration not encoded in campaign key,nitrate,,3,EtOH/H2O (fractions not encoded in campaign key),,Acido acetico,10.0,80.0,18.0,,,,,,Automated solvothermal synthesis,Automated vial; exact geometry in source SI,0.342,0.342,0.342,unknown phase,TUMHAK,peer_reviewed_high_throughput_literature,Author-assigned HT-PXRD/CV campaign outcome,direct_machine_readable_campaign_key,v13_source_rare_earth_landscape.csv,SOURCE_VERIFIED_SINGLE_CURATION_PASS,False,"Evidence-only: absolute precursor amounts, ligand:metal ratio, and solvent volume are not encoded in the public campaign key.",,Unknown crystalline phase — review,unknown phase,No class assigned: unknown phase is not equivalent to failure or amorphous product,True,False,,Author-assigned unknown phase; retained outside negative labels.
V13-REHT-0399,MG2-79-63,10.1039/d5sc09992g,10.5281/zenodo.17902549,https://doi.org/10.1039/d5sc09992g,https://doi.org/10.5281/zenodo.17902549,"Mapping the crystallization landscape of rare earth MOFs: a high-throughput investigation of structure, kinetics, and selectivity",PAIR::yb::mellitic acid,,mellitic acid,,,Aromatic hexacarboxylate,Yb,rare-earth nitrate salt(s); hydration not encoded in campaign key,nitrate,,3,EtOH/H2O (fractions not encoded in campaign key),,Nessuno,0.0,80.0,18.0,,,,,,Automated solvothermal synthesis,Automated vial; exact geometry in source SI,0.386,0.386,0.386,unknown phase,,peer_reviewed_high_throughput_literature,Author-assigned HT-PXRD/CV campaign outcome,direct_machine_readable_campaign_key,v13_source_rare_earth_landscape.csv,SOURCE_VERIFIED_SINGLE_CURATION_PASS,False,"Evidence-only: absolute precursor amounts, ligand:metal ratio, and solvent volume are not encoded in the public campaign key.",,Unknown crystalline phase — review,unknown phase,No class assigned: unknown phase is not equivalent to failure or amorphous product,True,False,,Author-assigned unknown phase; retained outside negative labels.
V13-REHT-0406,MG2-79-70,10.1039/d5sc09992g,10.5281/zenodo.17902549,https://doi.org/10.1039/d5sc09992g,https://doi.org/10.5281/zenodo.17902549,"Mapping the crystallization landscape of rare earth MOFs: a high-throughput investigation of structure, kinetics, and selectivity",PAIR::yb::mellitic acid,,mellitic acid,,,Aromatic hexacarboxylate,Yb,rare-earth nitrate salt(s); hydration not encoded in campaign key,nitrate,,3,EtOH/H2O (fractions not encoded in campaign key),,Acido acetico,2.0,80.0,18.0,,,,,,Automated solvothermal synthesis,Automated vial; exact geometry in source SI,0.429,0.429,0.429,unknown phase,,peer_reviewed_high_throughput_literature,Author-assigned HT-PXRD/CV campaign outcome,direct_machine_readable_campaign_key,v13_source_rare_earth_landscape.csv,SOURCE_VERIFIED_SINGLE_CURATION_PASS,False,"Evidence-only: absolute precursor amounts, ligand:metal ratio, and solvent volume are not encoded in the public campaign key.",,Unknown crystalline phase — review,unknown phase,No class assigned: unknown phase is not equivalent to failure or amorphous product,True,False,,Author-assigned unknown phase; retained outside negative labels.
V13-REHT-0413,MG2-79-77,10.1039/d5sc09992g,10.5281/zenodo.17902549,https://doi.org/10.1039/d5sc09992g,https://doi.org/10.5281/zenodo.17902549,"Mapping the crystallization landscape of rare earth MOFs: a high-throughput investigation of structure, kinetics, and selectivity",PAIR::yb::mellitic acid,,mellitic acid,,,Aromatic hexacarboxylate,Yb,rare-earth nitrate salt(s); hydration not encoded in campaign key,nitrate,,3,EtOH/H2O (fractions not encoded in campaign key),,Acido acetico,5.0,80.0,18.0,,,,,,Automated solvothermal synthesis,Automated vial; exact geometry in source SI,0.473,0.473,0.473,unknown phase,,peer_reviewed_high_throughput_literature,Author-assigned HT-PXRD/CV campaign outcome,direct_machine_readable_campaign_key,v13_source_rare_earth_landscape.csv,SOURCE_VERIFIED_SINGLE_CURATION_PASS,False,"Evidence-only: absolute precursor amounts, ligand:metal ratio, and solvent volume are not encoded in the public campaign key.",,Unknown crystalline phase — review,unknown phase,No class assigned: unknown phase is not equivalent to failure or amorphous product,True,False,,Author-assigned unknown phase; retained outside negative labels.
V13-REHT-0420,MG2-79-84,10.1039/d5sc09992g,10.5281/zenodo.17902549,https://doi.org/10.1039/d5sc09992g,https://doi.org/10.5281/zenodo.17902549,"Mapping the crystallization landscape of rare earth MOFs: a high-throughput investigation of structure, kinetics, and selectivity",PAIR::yb::mellitic acid,,mellitic acid,,,Aromatic hexacarboxylate,Yb,rare-earth nitrate salt(s); hydration not encoded in campaign key,nitrate,,3,EtOH/H2O (fractions not encoded in campaign key),,Acido acetico,10.0,80.0,18.0,,,,,,Automated solvothermal synthesis,Automated vial; exact geometry in source SI,0.516,0.516,0.516,unknown phase,,peer_reviewed_high_throughput_literature,Author-assigned HT-PXRD/CV campaign outcome,direct_machine_readable_campaign_key,v13_source_rare_earth_landscape.csv,SOURCE_VERIFIED_SINGLE_CURATION_PASS,False,"Evidence-only: absolute precursor amounts, ligand:metal ratio, and solvent volume are not encoded in the public campaign key.",,Unknown crystalline phase — review,unknown phase,No class assigned: unknown phase is not equivalent to failure or amorphous product,True,False,,Author-assigned unknown phase; retained outside negative labels.
V13-REHT-0427,MG2-80-07,10.1039/d5sc09992g,10.5281/zenodo.17902549,https://doi.org/10.1039/d5sc09992g,https://doi.org/10.5281/zenodo.17902549,"Mapping the crystallization landscape of rare earth MOFs: a high-throughput investigation of structure, kinetics, and selectivity",PAIR::lu::mellitic acid,,mellitic acid,,,Aromatic hexacarboxylate,Lu,rare-earth nitrate salt(s); hydration not encoded in campaign key,nitrate,,3,EtOH/H2O (fractions not encoded in campaign key),,Nessuno,0.0,80.0,18.0,,,,,,Automated solvothermal synthesis,Automated vial; exact geometry in source SI,0.038,0.038,0.038,unknown phase,,peer_reviewed_high_throughput_literature,Author-assigned HT-PXRD/CV campaign outcome,direct_machine_readable_campaign_key,v13_source_rare_earth_landscape.csv,SOURCE_VERIFIED_SINGLE_CURATION_PASS,False,"Evidence-only: absolute precursor amounts, ligand:metal ratio, and solvent volume are not encoded in the public campaign key.",,Unknown crystalline phase — review,unknown phase,No class assigned: unknown phase is not equivalent to failure or amorphous product,True,False,,Author-assigned unknown phase; retained outside negative labels.
V13-REHT-0434,MG2-80-14,10.1039/d5sc09992g,10.5281/zenodo.17902549,https://doi.org/10.1039/d5sc09992g,https://doi.org/10.5281/zenodo.17902549,"Mapping the crystallization landscape of rare earth MOFs: a high-throughput investigation of structure, kinetics, and selectivity",PAIR::lu::mellitic acid,,mellitic acid,,,Aromatic hexacarboxylate,Lu,rare-earth nitrate salt(s); hydration not encoded in campaign key,nitrate,,3,EtOH/H2O (fractions not encoded in campaign key),,Acido acetico,2.0,80.0,18.0,,,,,,Automated solvothermal synthesis,Automated vial; exact geometry in source SI,0.081,0.081,0.081,unknown phase,,peer_reviewed_high_throughput_literature,Author-assigned HT-PXRD/CV campaign outcome,direct_machine_readable_campaign_key,v13_source_rare_earth_landscape.csv,SOURCE_VERIFIED_SINGLE_CURATION_PASS,False,"Evidence-only: absolute precursor amounts, ligand:metal ratio, and solvent volume are not encoded in the public campaign key.",,Unknown crystalline phase — review,unknown phase,No class assigned: unknown phase is not equivalent to failure or amorphous product,True,False,,Author-assigned unknown phase; retained outside negative labels.
V13-REHT-0441,MG2-80-21,10.1039/d5sc09992g,10.5281/zenodo.17902549,https://doi.org/10.1039/d5sc09992g,https://doi.org/10.5281/zenodo.17902549,"Mapping the crystallization landscape of rare earth MOFs: a high-throughput investigation of structure, kinetics, and selectivity",PAIR::lu::mellitic acid,,mellitic acid,,,Aromatic hexacarboxylate,Lu,rare-earth nitrate salt(s); hydration not encoded in campaign key,nitrate,,3,EtOH/H2O (fractions not encoded in campaign key),,Acido acetico,5.0,80.0,18.0,,,,,,Automated solvothermal synthesis,Automated vial; exact geometry in source SI,0.125,0.125,0.125,unknown phase,,peer_reviewed_high_throughput_literature,Author-assigned HT-PXRD/CV campaign outcome,direct_machine_readable_campaign_key,v13_source_rare_earth_landscape.csv,SOURCE_VERIFIED_SINGLE_CURATION_PASS,False,"Evidence-only: absolute precursor amounts, ligand:metal ratio, and solvent volume are not encoded in the public campaign key.",,Unknown crystalline phase — review,unknown phase,No class assigned: unknown phase is not equivalent to failure or amorphous product,True,False,,Author-assigned unknown phase; retained outside negative labels.
V13-REHT-0448,MG2-80-28,10.1039/d5sc09992g,10.5281/zenodo.17902549,https://doi.org/10.1039/d5sc09992g,https://doi.org/10.5281/zenodo.17902549,"Mapping the crystallization landscape of rare earth MOFs: a high-throughput investigation of structure, kinetics, and selectivity",PAIR::lu::mellitic acid,,mellitic acid,,,Aromatic hexacarboxylate,Lu,rare-earth nitrate salt(s); hydration not encoded in campaign key,nitrate,,3,EtOH/H2O (fractions not encoded in campaign key),,Acido acetico,10.0,80.0,18.0,,,,,,Automated solvothermal synthesis,Automated vial; exact geometry in source SI,0.168,0.168,0.168,unknown phase,,peer_reviewed_high_throughput_literature,Author-assigned HT-PXRD/CV campaign outcome,direct_machine_readable_campaign_key,v13_source_rare_earth_landscape.csv,SOURCE_VERIFIED_SINGLE_CURATION_PASS,False,"Evidence-only: absolute precursor amounts, ligand:metal ratio, and solvent volume are not encoded in the public campaign key.",,Unknown crystalline phase — review,unknown phase,No class assigned: unknown phase is not equivalent to failure or amorphous product,True,False,,Author-assigned unknown phase; retained outside negative labels.
V13-REHT-0595,MG2-82-63,10.1039/d5sc09992g,10.5281/zenodo.17902549,https://doi.org/10.1039/d5sc09992g,https://doi.org/10.5281/zenodo.17902549,"Mapping the crystallization landscape of rare earth MOFs: a high-throughput investigation of structure, kinetics, and selectivity",PAIR::nd::mellitic acid,,mellitic acid,,,Aromatic hexacarboxylate,Nd,rare-earth nitrate salt(s); hydration not encoded in campaign key,nitrate,,3,EtOH/H2O (fractions not encoded in campaign key),,Nessuno,0.0,60.0,18.0,,,,,,Automated solvothermal synthesis,Automated vial; exact geometry in source SI,0.393,0.393,0.393,unknown phase,,peer_reviewed_high_throughput_literature,Author-assigned HT-PXRD/CV campaign outcome,direct_machine_readable_campaign_key,v13_source_rare_earth_landscape.csv,SOURCE_VERIFIED_SINGLE_CURATION_PASS,False,"Evidence-only: absolute precursor amounts, ligand:metal ratio, and solvent volume are not encoded in the public campaign key.",,Unknown crystalline phase — review,unknown phase,No class assigned: unknown phase is not equivalent to failure or amorphous product,True,False,,Author-assigned unknown phase; retained outside negative labels.
V13-REHT-0616,MG2-82-84,10.1039/d5sc09992g,10.5281/zenodo.17902549,https://doi.org/10.1039/d5sc09992g,https://doi.org/10.5281/zenodo.17902549,"Mapping the crystallization landscape of rare earth MOFs: a high-throughput investigation of structure, kinetics, and selectivity",PAIR::nd::mellitic acid,,mellitic acid,,,Aromatic hexacarboxylate,Nd,rare-earth nitrate salt(s); hydration not encoded in campaign key,nitrate,,3,EtOH/H2O (fractions not encoded in campaign key),,Acido acetico,10.0,60.0,18.0,,,,,,Automated solvothermal synthesis,Automated vial; exact geometry in source SI,,0.527,0.527,unknown phase,,peer_reviewed_high_throughput_literature,Author-assigned HT-PXRD/CV campaign outcome,direct_machine_readable_campaign_key,v13_source_rare_earth_landscape.csv,SOURCE_VERIFIED_SINGLE_CURATION_PASS,False,"Evidence-only: absolute precursor amounts, ligand:metal ratio, and solvent volume are not encoded in the public campaign key.",,Unknown crystalline phase — review,unknown phase,No class assigned: unknown phase is not equivalent to failure or amorphous product,True,False,,Author-assigned unknown phase; retained outside negative labels.
V13-REHT-0622,MG2-83-06,10.1039/d5sc09992g,10.5281/zenodo.17902549,https://doi.org/10.1039/d5sc09992g,https://doi.org/10.5281/zenodo.17902549,"Mapping the crystallization landscape of rare earth MOFs: a high-throughput investigation of structure, kinetics, and selectivity",PAIR::sm::pyromellitic acid,,pyromellitic acid,,,Aromatic tetracarboxylate,Sm,rare-earth nitrate salt(s); hydration not encoded in campaign key,nitrate,,3,EtOH/H2O (fractions not encoded in campaign key),,Nessuno,0.0,60.0,18.0,,,,,,Automated solvothermal synthesis,Automated vial; exact geometry in source SI,0.577,0.577,0.577,unknown phase,,peer_reviewed_high_throughput_literature,Author-assigned HT-PXRD/CV campaign outcome,direct_machine_readable_campaign_key,v13_source_rare_earth_landscape.csv,SOURCE_VERIFIED_SINGLE_CURATION_PASS,False,"Evidence-only: absolute precursor amounts, ligand:metal ratio, and solvent volume are not encoded in the public campaign key.",,Unknown crystalline phase — review,unknown phase,No class assigned: unknown phase is not equivalent to failure or amorphous product,True,False,,Author-assigned unknown phase; retained outside negative labels.
V13-REHT-0623,MG2-83-07,10.1039/d5sc09992g,10.5281/zenodo.17902549,https://doi.org/10.1039/d5sc09992g,https://doi.org/10.5281/zenodo.17902549,"Mapping the crystallization landscape of rare earth MOFs: a high-throughput investigation of structure, kinetics, and selectivity",PAIR::sm::mellitic acid,,mellitic acid,,,Aromatic hexacarboxylate,Sm,rare-earth nitrate salt(s); hydration not encoded in campaign key,nitrate,,3,EtOH/H2O (fractions not encoded in campaign key),,Nessuno,0.0,60.0,18.0,,,,,,Automated solvothermal synthesis,Automated vial; exact geometry in source SI,2.037,0.038,0.038,unknown phase,,peer_reviewed_high_throughput_literature,Author-assigned HT-PXRD/CV campaign outcome,direct_machine_readable_campaign_key,v13_source_rare_earth_landscape.csv,SOURCE_VERIFIED_SINGLE_CURATION_PASS,False,"Evidence-only: absolute precursor amounts, ligand:metal ratio, and solvent volume are not encoded in the public campaign key.",,Unknown crystalline phase — review,unknown phase,No class assigned: unknown phase is not equivalent to failure or amorphous product,True,False,,Author-assigned unknown phase; retained outside negative labels.
V13-REHT-0630,MG2-83-14,10.1039/d5sc09992g,10.5281/zenodo.17902549,https://doi.org/10.1039/d5sc09992g,https://doi.org/10.5281/zenodo.17902549,"Mapping the crystallization landscape of rare earth MOFs: a high-throughput investigation of structure, kinetics, and selectivity",PAIR::sm::mellitic acid,,mellitic acid,,,Aromatic hexacarboxylate,Sm,rare-earth nitrate salt(s); hydration not encoded in campaign key,nitrate,,3,EtOH/H2O (fractions not encoded in campaign key),,Acido acetico,2.0,60.0,18.0,,,,,,Automated solvothermal synthesis,Automated vial; exact geometry in source SI,0.083,0.083,0.083,unknown phase,,peer_reviewed_high_throughput_literature,Author-assigned HT-PXRD/CV campaign outcome,direct_machine_readable_campaign_key,v13_source_rare_earth_landscape.csv,SOURCE_VERIFIED_SINGLE_CURATION_PASS,False,"Evidence-only: absolute precursor amounts, ligand:metal ratio, and solvent volume are not encoded in the public campaign key.",,Unknown crystalline phase — review,unknown phase,No class assigned: unknown phase is not equivalent to failure or amorphous product,True,False,,Author-assigned unknown phase; retained outside negative labels.
V13-REHT-0637,MG2-83-21,10.1039/d5sc09992g,10.5281/zenodo.17902549,https://doi.org/10.1039/d5sc09992g,https://doi.org/10.5281/zenodo.17902549,"Mapping the crystallization landscape of rare earth MOFs: a high-throughput investigation of structure, kinetics, and selectivity",PAIR::sm::mellitic acid,,mellitic acid,,,Aromatic hexacarboxylate,Sm,rare-earth nitrate salt(s); hydration not encoded in campaign key,nitrate,,3,EtOH/H2O (fractions not encoded in campaign key),,Acido acetico,5.0,60.0,18.0,,,,,,Automated solvothermal synthesis,Automated vial; exact geometry in source SI,,0.128,0.128,unknown phase,,peer_reviewed_high_throughput_literature,Author-assigned HT-PXRD/CV campaign outcome,direct_machine_readable_campaign_key,v13_source_rare_earth_landscape.csv,SOURCE_VERIFIED_SINGLE_CURATION_PASS,False,"Evidence-only: absolute precursor amounts, ligand:metal ratio, and solvent volume are not encoded in the public campaign key.",,Unknown crystalline phase — review,unknown phase,No class assigned: unknown phase is not equivalent to failure or amorphous product,True,False,,Author-assigned unknown phase; retained outside negative labels.
V13-REHT-0644,MG2-83-28,10.1039/d5sc09992g,10.5281/zenodo.17902549,https://doi.org/10.1039/d5sc09992g,https://doi.org/10.5281/zenodo.17902549,"Mapping the crystallization landscape of rare earth MOFs: a high-throughput investigation of structure, kinetics, and selectivity",PAIR::sm::mellitic acid,,mellitic acid,,,Aromatic hexacarboxylate,Sm,rare-earth nitrate salt(s); hydration not encoded in campaign key,nitrate,,3,EtOH/H2O (fractions not encoded in campaign key),,Acido acetico,10.0,60.0,18.0,,,,,,Automated solvothermal synthesis,Automated vial; exact geometry in source SI,,0.172,0.172,unknown phase,,peer_reviewed_high_throughput_literature,Author-assigned HT-PXRD/CV campaign outcome,direct_machine_readable_campaign_key,v13_source_rare_earth_landscape.csv,SOURCE_VERIFIED_SINGLE_CURATION_PASS,False,"Evidence-only: absolute precursor amounts, ligand:metal ratio, and solvent volume are not encoded in the public campaign key.",,Unknown crystalline phase — review,unknown phase,No class assigned: unknown phase is not equivalent to failure or amorphous product,True,False,,Author-assigned unknown phase; retained outside negative labels.
V13-REHT-0650,MG2-83-34,10.1039/d5sc09992g,10.5281/zenodo.17902549,https://doi.org/10.1039/d5sc09992g,https://doi.org/10.5281/zenodo.17902549,"Mapping the crystallization landscape of rare earth MOFs: a high-throughput investigation of structure, kinetics, and selectivity",PAIR::eu::pyromellitic acid,,pyromellitic acid,,,Aromatic tetracarboxylate,Eu,rare-earth nitrate salt(s); hydration not encoded in campaign key,nitrate,,3,EtOH/H2O (fractions not encoded in campaign key),,Nessuno,0.0,60.0,18.0,,,,,,Automated solvothermal synthesis,Automated vial; exact geometry in source SI,0.754,0.754,0.754,unknown phase,,peer_reviewed_high_throughput_literature,Author-assigned HT-PXRD/CV campaign outcome,direct_machine_readable_campaign_key,v13_source_rare_earth_landscape.csv,SOURCE_VERIFIED_SINGLE_CURATION_PASS,False,"Evidence-only: absolute precursor amounts, ligand:metal ratio, and solvent volume are not encoded in the public campaign key.",,Unknown crystalline phase — review,unknown phase,No class assigned: unknown phase is not equivalent to failure or amorphous product,True,False,,Author-assigned unknown phase; retained outside negative labels.
V13-REHT-0651,MG2-83-35,10.1039/d5sc09992g,10.5281/zenodo.17902549,https://doi.org/10.1039/d5sc09992g,https://doi.org/10.5281/zenodo.17902549,"Mapping the crystallization landscape of rare earth MOFs: a high-throughput investigation of structure, kinetics, and selectivity",PAIR::eu::mellitic acid,,mellitic acid,,,Aromatic hexacarboxylate,Eu,rare-earth nitrate salt(s); hydration not encoded in campaign key,nitrate,,3,EtOH/H2O (fractions not encoded in campaign key),,Nessuno,0.0,60.0,18.0,,,,,,Automated solvothermal synthesis,Automated vial; exact geometry in source SI,0.761,0.217,0.217,unknown phase,,peer_reviewed_high_throughput_literature,Author-assigned HT-PXRD/CV campaign outcome,direct_machine_readable_campaign_key,v13_source_rare_earth_landscape.csv,SOURCE_VERIFIED_SINGLE_CURATION_PASS,False,"Evidence-only: absolute precursor amounts, ligand:metal ratio, and solvent volume are not encoded in the public campaign key.",,Unknown crystalline phase — review,unknown phase,No class assigned: unknown phase is not equivalent to failure or amorphous product,True,False,,Author-assigned unknown phase; retained outside negative labels.
V13-REHT-0665,MG2-83-49,10.1039/d5sc09992g,10.5281/zenodo.17902549,https://doi.org/10.1039/d5sc09992g,https://doi.org/10.5281/zenodo.17902549,"Mapping the crystallization landscape of rare earth MOFs: a high-throughput investigation of structure, kinetics, and selectivity",PAIR::eu::mellitic acid,,mellitic acid,,,Aromatic hexacarboxylate,Eu,rare-earth nitrate salt(s); hydration not encoded in campaign key,nitrate,,3,EtOH/H2O (fractions not encoded in campaign key),,Acido acetico,5.0,60.0,18.0,,,,,,Automated solvothermal synthesis,Automated vial; exact geometry in source SI,1.393,0.306,0.306,unknown phase,,peer_reviewed_high_throughput_literature,Author-assigned HT-PXRD/CV campaign outcome,direct_machine_readable_campaign_key,v13_source_rare_earth_landscape.csv,SOURCE_VERIFIED_SINGLE_CURATION_PASS,False,"Evidence-only: absolute precursor amounts, ligand:metal ratio, and solvent volume are not encoded in the public campaign key.",,Unknown crystalline phase — review,unknown phase,No class assigned: unknown phase is not equivalent to failure or amorphous product,True,False,,Author-assigned unknown phase; retained outside negative labels.
V13-REHT-0672,MG2-83-56,10.1039/d5sc09992g,10.5281/zenodo.17902549,https://doi.org/10.1039/d5sc09992g,https://doi.org/10.5281/zenodo.17902549,"Mapping the crystallization landscape of rare earth MOFs: a high-throughput investigation of structure, kinetics, and selectivity",PAIR::eu::mellitic acid,,mellitic acid,,,Aromatic hexacarboxylate,Eu,rare-earth nitrate salt(s); hydration not encoded in campaign key,nitrate,,3,EtOH/H2O (fractions not encoded in campaign key),,Acido acetico,10.0,60.0,18.0,,,,,,Automated solvothermal synthesis,Automated vial; exact geometry in source SI,4.346,0.351,0.351,unknown phase,,peer_reviewed_high_throughput_literature,Author-assigned HT-PXRD/CV campaign outcome,direct_machine_readable_campaign_key,v13_source_rare_earth_landscape.csv,SOURCE_VERIFIED_SINGLE_CURATION_PASS,False,"Evidence-only: absolute precursor amounts, ligand:metal ratio, and solvent volume are not encoded in the public campaign key.",,Unknown crystalline phase — review,unknown phase,No class assigned: unknown phase is not equivalent to failure or amorphous product,True,False,,Author-assigned unknown phase; retained outside negative labels.
V13-REHT-0678,MG2-83-62,10.1039/d5sc09992g,10.5281/zenodo.17902549,https://doi.org/10.1039/d5sc09992g,https://doi.org/10.5281/zenodo.17902549,"Mapping the crystallization landscape of rare earth MOFs: a high-throughput investigation of structure, kinetics, and selectivity",PAIR::gd::pyromellitic acid,,pyromellitic acid,,,Aromatic tetracarboxylate,Gd,rare-earth nitrate salt(s); hydration not encoded in campaign key,nitrate,,3,EtOH/H2O (fractions not encoded in campaign key),,Nessuno,0.0,60.0,18.0,,,,,,Automated solvothermal synthesis,Automated vial; exact geometry in source SI,0.931,0.931,0.931,unknown phase,,peer_reviewed_high_throughput_literature,Author-assigned HT-PXRD/CV campaign outcome,direct_machine_readable_campaign_key,v13_source_rare_earth_landscape.csv,SOURCE_VERIFIED_SINGLE_CURATION_PASS,False,"Evidence-only: absolute precursor amounts, ligand:metal ratio, and solvent volume are not encoded in the public campaign key.",,Unknown crystalline phase — review,unknown phase,No class assigned: unknown phase is not equivalent to failure or amorphous product,True,False,,Author-assigned unknown phase; retained outside negative labels.
V13-REHT-0706,MG2-84-06,10.1039/d5sc09992g,10.5281/zenodo.17902549,https://doi.org/10.1039/d5sc09992g,https://doi.org/10.5281/zenodo.17902549,"Mapping the crystallization landscape of rare earth MOFs: a high-throughput investigation of structure, kinetics, and selectivity",PAIR::tb::pyromellitic acid,,pyromellitic acid,,,Aromatic tetracarboxylate,Tb,rare-earth nitrate salt(s); hydration not encoded in campaign key,nitrate,,3,EtOH/H2O (fractions not encoded in campaign key),,Nessuno,0.0,60.0,18.0,,,,,,Automated solvothermal synthesis,Automated vial; exact geometry in source SI,,10.029,10.029,unknown phase,NU-2504,peer_reviewed_high_throughput_literature,Author-assigned HT-PXRD/CV campaign outcome,direct_machine_readable_campaign_key,v13_source_rare_earth_landscape.csv,SOURCE_VERIFIED_SINGLE_CURATION_PASS,False,"Evidence-only: absolute precursor amounts, ligand:metal ratio, and solvent volume are not encoded in the public campaign key.",,Unknown crystalline phase — review,unknown phase,No class assigned: unknown phase is not equivalent to failure or amorphous product,True,False,,Author-assigned unknown phase; retained outside negative labels.
V13-REHT-0784,MG2-84-84,10.1039/d5sc09992g,10.5281/zenodo.17902549,https://doi.org/10.1039/d5sc09992g,https://doi.org/10.5281/zenodo.17902549,"Mapping the crystallization landscape of rare earth MOFs: a high-throughput investigation of structure, kinetics, and selectivity",PAIR::ho::mellitic acid,,mellitic acid,,,Aromatic hexacarboxylate,Ho,rare-earth nitrate salt(s); hydration not encoded in campaign key,nitrate,,3,EtOH/H2O (fractions not encoded in campaign key),,Acido acetico,10.0,60.0,18.0,,,,,,Automated solvothermal synthesis,Automated vial; exact geometry in source SI,0.508,0.508,0.508,unknown phase,,peer_reviewed_high_throughput_literature,Author-assigned HT-PXRD/CV campaign outcome,direct_machine_readable_campaign_key,v13_source_rare_earth_landscape.csv,SOURCE_VERIFIED_SINGLE_CURATION_PASS,False,"Evidence-only: absolute precursor amounts, ligand:metal ratio, and solvent volume are not encoded in the public campaign key.",,Unknown crystalline phase — review,unknown phase,No class assigned: unknown phase is not equivalent to failure or amorphous product,True,False,,Author-assigned unknown phase; retained outside negative labels.
V13-REHT-0788,MG2-85-04,10.1039/d5sc09992g,10.5281/zenodo.17902549,https://doi.org/10.1039/d5sc09992g,https://doi.org/10.5281/zenodo.17902549,"Mapping the crystallization landscape of rare earth MOFs: a high-throughput investigation of structure, kinetics, and selectivity","PAIR::er::benzene-1,3,5-tricarboxylic acid (h3btc)",,"benzene-1,3,5-tricarboxylic acid (H3BTC)",,,Aromatic tricarboxylate,Er,rare-earth nitrate salt(s); hydration not encoded in campaign key,nitrate,,3,EtOH/H2O (fractions not encoded in campaign key),,Nessuno,0.0,60.0,18.0,,,,,,Automated solvothermal synthesis,Automated vial; exact geometry in source SI,1.071,1.071,1.071,unknown phase,,peer_reviewed_high_throughput_literature,Author-assigned HT-PXRD/CV campaign outcome,direct_machine_readable_campaign_key,v13_source_rare_earth_landscape.csv,SOURCE_VERIFIED_SINGLE_CURATION_PASS,False,"Evidence-only: absolute precursor amounts, ligand:metal ratio, and solvent volume are not encoded in the public campaign key.",,Unknown crystalline phase — review,unknown phase,No class assigned: unknown phase is not equivalent to failure or amorphous product,True,False,,Author-assigned unknown phase; retained outside negative labels.
V13-REHT-0795,MG2-85-11,10.1039/d5sc09992g,10.5281/zenodo.17902549,https://doi.org/10.1039/d5sc09992g,https://doi.org/10.5281/zenodo.17902549,"Mapping the crystallization landscape of rare earth MOFs: a high-throughput investigation of structure, kinetics, and selectivity","PAIR::er::benzene-1,3,5-tricarboxylic acid (h3btc)",,"benzene-1,3,5-tricarboxylic acid (H3BTC)",,,Aromatic tricarboxylate,Er,rare-earth nitrate salt(s); hydration not encoded in campaign key,nitrate,,3,EtOH/H2O (fractions not encoded in campaign key),,Acido acetico,2.0,60.0,18.0,,,,,,Automated solvothermal synthesis,Automated vial; exact geometry in source SI,,,,unknown phase,,peer_reviewed_high_throughput_literature,Author-assigned HT-PXRD/CV campaign outcome,direct_machine_readable_campaign_key,v13_source_rare_earth_landscape.csv,SOURCE_VERIFIED_SINGLE_CURATION_PASS,False,"Evidence-only: absolute precursor amounts, ligand:metal ratio, and solvent volume are not encoded in the public campaign key.",,Unknown crystalline phase — review,unknown phase,No class assigned: unknown phase is not equivalent to failure or amorphous product,True,False,,Author-assigned unknown phase; retained outside negative labels.
V13-REHT-0809,MG2-85-25,10.1039/d5sc09992g,10.5281/zenodo.17902549,https://doi.org/10.1039/d5sc09992g,https://doi.org/10.5281/zenodo.17902549,"Mapping the crystallization landscape of rare earth MOFs: a high-throughput investigation of structure, kinetics, and selectivity","PAIR::er::benzene-1,3,5-tricarboxylic acid (h3btc)",,"benzene-1,3,5-tricarboxylic acid (H3BTC)",,,Aromatic tricarboxylate,Er,rare-earth nitrate salt(s); hydration not encoded in campaign key,nitrate,,3,EtOH/H2O (fractions not encoded in campaign key),,Acido acetico,10.0,60.0,18.0,,,,,,Automated solvothermal synthesis,Automated vial; exact geometry in source SI,,,,unknown phase,,peer_reviewed_high_throughput_literature,Author-assigned HT-PXRD/CV campaign outcome,direct_machine_readable_campaign_key,v13_source_rare_earth_landscape.csv,SOURCE_VERIFIED_SINGLE_CURATION_PASS,False,"Evidence-only: absolute precursor amounts, ligand:metal ratio, and solvent volume are not encoded in the public campaign key.",,Unknown crystalline phase — review,unknown phase,No class assigned: unknown phase is not equivalent to failure or amorphous product,True,False,,Author-assigned unknown phase; retained outside negative labels.
V13-REHT-0816,MG2-85-32,10.1039/d5sc09992g,10.5281/zenodo.17902549,https://doi.org/10.1039/d5sc09992g,https://doi.org/10.5281/zenodo.17902549,"Mapping the crystallization landscape of rare earth MOFs: a high-throughput investigation of structure, kinetics, and selectivity","PAIR::tm::benzene-1,3,5-tricarboxylic acid (h3btc)",,"benzene-1,3,5-tricarboxylic acid (H3BTC)",,,Aromatic tricarboxylate,Tm,rare-earth nitrate salt(s); hydration not encoded in campaign key,nitrate,,3,EtOH/H2O (fractions not encoded in campaign key),,Nessuno,0.0,60.0,18.0,,,,,,Automated solvothermal synthesis,Automated vial; exact geometry in source SI,1.243,1.243,1.243,unknown phase,,peer_reviewed_high_throughput_literature,Author-assigned HT-PXRD/CV campaign outcome,direct_machine_readable_campaign_key,v13_source_rare_earth_landscape.csv,SOURCE_VERIFIED_SINGLE_CURATION_PASS,False,"Evidence-only: absolute precursor amounts, ligand:metal ratio, and solvent volume are not encoded in the public campaign key.",,Unknown crystalline phase — review,unknown phase,No class assigned: unknown phase is not equivalent to failure or amorphous product,True,False,,Author-assigned unknown phase; retained outside negative labels.
V13-REHT-0844,MG2-85-60,10.1039/d5sc09992g,10.5281/zenodo.17902549,https://doi.org/10.1039/d5sc09992g,https://doi.org/10.5281/zenodo.17902549,"Mapping the crystallization landscape of rare earth MOFs: a high-throughput investigation of structure, kinetics, and selectivity","PAIR::yb::benzene-1,3,5-tricarboxylic acid (h3btc)",,"benzene-1,3,5-tricarboxylic acid (H3BTC)",,,Aromatic tricarboxylate,Yb,rare-earth nitrate salt(s); hydration not encoded in campaign key,nitrate,,3,EtOH/H2O (fractions not encoded in campaign key),,Nessuno,0.0,60.0,18.0,,,,,,Automated solvothermal synthesis,Automated vial; exact geometry in source SI,2.36,2.36,2.36,unknown phase,,peer_reviewed_high_throughput_literature,Author-assigned HT-PXRD/CV campaign outcome,direct_machine_readable_campaign_key,v13_source_rare_earth_landscape.csv,SOURCE_VERIFIED_SINGLE_CURATION_PASS,False,"Evidence-only: absolute precursor amounts, ligand:metal ratio, and solvent volume are not encoded in the public campaign key.",,Unknown crystalline phase — review,unknown phase,No class assigned: unknown phase is not equivalent to failure or amorphous product,True,False,,Author-assigned unknown phase; retained outside negative labels.
V13-REHT-0872,MG2-86-04,10.1039/d5sc09992g,10.5281/zenodo.17902549,https://doi.org/10.1039/d5sc09992g,https://doi.org/10.5281/zenodo.17902549,"Mapping the crystallization landscape of rare earth MOFs: a high-throughput investigation of structure, kinetics, and selectivity","PAIR::lu::benzene-1,3,5-tricarboxylic acid (h3btc)",,"benzene-1,3,5-tricarboxylic acid (H3BTC)",,,Aromatic tricarboxylate,Lu,rare-earth nitrate salt(s); hydration not encoded in campaign key,nitrate,,3,EtOH/H2O (fractions not encoded in campaign key),,Nessuno,0.0,60.0,18.0,,,,,,Automated solvothermal synthesis,Automated vial; exact geometry in source SI,0.518,1.017,0.518,unknown phase,,peer_reviewed_high_throughput_literature,Author-assigned HT-PXRD/CV campaign outcome,direct_machine_readable_campaign_key,v13_source_rare_earth_landscape.csv,SOURCE_VERIFIED_SINGLE_CURATION_PASS,False,"Evidence-only: absolute precursor amounts, ligand:metal ratio, and solvent volume are not encoded in the public campaign key.",,Unknown crystalline phase — review,unknown phase,No class assigned: unknown phase is not equivalent to failure or amorphous product,True,False,,Author-assigned unknown phase; retained outside negative labels.
V13-REHT-0930,MG2-87-34,10.1039/d5sc09992g,10.5281/zenodo.17902549,https://doi.org/10.1039/d5sc09992g,https://doi.org/10.5281/zenodo.17902549,"Mapping the crystallization landscape of rare earth MOFs: a high-throughput investigation of structure, kinetics, and selectivity",PAIR::y::pyromellitic acid,,pyromellitic acid,,,Aromatic tetracarboxylate,Y,rare-earth nitrate salt(s); hydration not encoded in campaign key,nitrate,,3,EtOH/H2O (fractions not encoded in campaign key),,Nessuno,0.0,40.0,18.0,,,,,,Automated solvothermal synthesis,Automated vial; exact geometry in source SI,,,,unknown phase,,peer_reviewed_high_throughput_literature,Author-assigned HT-PXRD/CV campaign outcome,direct_machine_readable_campaign_key,v13_source_rare_earth_landscape.csv,SOURCE_VERIFIED_SINGLE_CURATION_PASS,False,"Evidence-only: absolute precursor amounts, ligand:metal ratio, and solvent volume are not encoded in the public campaign key.",,Unknown crystalline phase — review,unknown phase,No class assigned: unknown phase is not equivalent to failure or amorphous product,True,False,,Author-assigned unknown phase; retained outside negative labels.
V13-REHT-0931,MG2-87-35,10.1039/d5sc09992g,10.5281/zenodo.17902549,https://doi.org/10.1039/d5sc09992g,https://doi.org/10.5281/zenodo.17902549,"Mapping the crystallization landscape of rare earth MOFs: a high-throughput investigation of structure, kinetics, and selectivity",PAIR::y::mellitic acid,,mellitic acid,,,Aromatic hexacarboxylate,Y,rare-earth nitrate salt(s); hydration not encoded in campaign key,nitrate,,3,EtOH/H2O (fractions not encoded in campaign key),,Nessuno,0.0,40.0,18.0,,,,,,Automated solvothermal synthesis,Automated vial; exact geometry in source SI,0.217,0.217,0.217,unknown phase,,peer_reviewed_high_throughput_literature,Author-assigned HT-PXRD/CV campaign outcome,direct_machine_readable_campaign_key,v13_source_rare_earth_landscape.csv,SOURCE_VERIFIED_SINGLE_CURATION_PASS,False,"Evidence-only: absolute precursor amounts, ligand:metal ratio, and solvent volume are not encoded in the public campaign key.",,Unknown crystalline phase — review,unknown phase,No class assigned: unknown phase is not equivalent to failure or amorphous product,True,False,,Author-assigned unknown phase; retained outside negative labels.
V13-REHT-0938,MG2-87-42,10.1039/d5sc09992g,10.5281/zenodo.17902549,https://doi.org/10.1039/d5sc09992g,https://doi.org/10.5281/zenodo.17902549,"Mapping the crystallization landscape of rare earth MOFs: a high-throughput investigation of structure, kinetics, and selectivity",PAIR::y::mellitic acid,,mellitic acid,,,Aromatic hexacarboxylate,Y,rare-earth nitrate salt(s); hydration not encoded in campaign key,nitrate,,3,EtOH/H2O (fractions not encoded in campaign key),,Acido acetico,2.0,40.0,18.0,,,,,,Automated solvothermal synthesis,Automated vial; exact geometry in source SI,0.262,0.262,0.262,unknown phase,,peer_reviewed_high_throughput_literature,Author-assigned HT-PXRD/CV campaign outcome,direct_machine_readable_campaign_key,v13_source_rare_earth_landscape.csv,SOURCE_VERIFIED_SINGLE_CURATION_PASS,False,"Evidence-only: absolute precursor amounts, ligand:metal ratio, and solvent volume are not encoded in the public campaign key.",,Unknown crystalline phase — review,unknown phase,No class assigned: unknown phase is not equivalent to failure or amorphous product,True,False,,Author-assigned unknown phase; retained outside negative labels.
V13-REHT-0945,MG2-87-49,10.1039/d5sc09992g,10.5281/zenodo.17902549,https://doi.org/10.1039/d5sc09992g,https://doi.org/10.5281/zenodo.17902549,"Mapping the crystallization landscape of rare earth MOFs: a high-throughput investigation of structure, kinetics, and selectivity",PAIR::y::mellitic acid,,mellitic acid,,,Aromatic hexacarboxylate,Y,rare-earth nitrate salt(s); hydration not encoded in campaign key,nitrate,,3,EtOH/H2O (fractions not encoded in campaign key),,Acido acetico,5.0,40.0,18.0,,,,,,Automated solvothermal synthesis,Automated vial; exact geometry in source SI,0.307,0.307,0.307,unknown phase,,peer_reviewed_high_throughput_literature,Author-assigned HT-PXRD/CV campaign outcome,direct_machine_readable_campaign_key,v13_source_rare_earth_landscape.csv,SOURCE_VERIFIED_SINGLE_CURATION_PASS,False,"Evidence-only: absolute precursor amounts, ligand:metal ratio, and solvent volume are not encoded in the public campaign key.",,Unknown crystalline phase — review,unknown phase,No class assigned: unknown phase is not equivalent to failure or amorphous product,True,False,,Author-assigned unknown phase; retained outside negative labels.
V13-REHT-0986,MG2-88-06,10.1039/d5sc09992g,10.5281/zenodo.17902549,https://doi.org/10.1039/d5sc09992g,https://doi.org/10.5281/zenodo.17902549,"Mapping the crystallization landscape of rare earth MOFs: a high-throughput investigation of structure, kinetics, and selectivity",PAIR::ce::pyromellitic acid,,pyromellitic acid,,,Aromatic tetracarboxylate,Ce,rare-earth nitrate salt(s); hydration not encoded in campaign key,nitrate,,3,EtOH/H2O (fractions not encoded in campaign key),,Nessuno,0.0,40.0,18.0,,,,,,Automated solvothermal synthesis,Automated vial; exact geometry in source SI,,0.033,0.033,unknown phase,RIVSOH_011,peer_reviewed_high_throughput_literature,Author-assigned HT-PXRD/CV campaign outcome,direct_machine_readable_campaign_key,v13_source_rare_earth_landscape.csv,SOURCE_VERIFIED_SINGLE_CURATION_PASS,False,"Evidence-only: absolute precursor amounts, ligand:metal ratio, and solvent volume are not encoded in the public campaign key.",,Unknown crystalline phase — review,unknown phase,No class assigned: unknown phase is not equivalent to failure or amorphous product,True,False,,Author-assigned unknown phase; retained outside negative labels.
V13-REHT-0993,MG2-88-13,10.1039/d5sc09992g,10.5281/zenodo.17902549,https://doi.org/10.1039/d5sc09992g,https://doi.org/10.5281/zenodo.17902549,"Mapping the crystallization landscape of rare earth MOFs: a high-throughput investigation of structure, kinetics, and selectivity",PAIR::ce::pyromellitic acid,,pyromellitic acid,,,Aromatic tetracarboxylate,Ce,rare-earth nitrate salt(s); hydration not encoded in campaign key,nitrate,,3,EtOH/H2O (fractions not encoded in campaign key),,Acido acetico,2.0,40.0,18.0,,,,,,Automated solvothermal synthesis,Automated vial; exact geometry in source SI,0.076,0.076,0.076,unknown phase,RIVSOH_011,peer_reviewed_high_throughput_literature,Author-assigned HT-PXRD/CV campaign outcome,direct_machine_readable_campaign_key,v13_source_rare_earth_landscape.csv,SOURCE_VERIFIED_SINGLE_CURATION_PASS,False,"Evidence-only: absolute precursor amounts, ligand:metal ratio, and solvent volume are not encoded in the public campaign key.",,Unknown crystalline phase — review,unknown phase,No class assigned: unknown phase is not equivalent to failure or amorphous product,True,False,,Author-assigned unknown phase; retained outside negative labels.
V13-REHT-1043,MG2-88-63,10.1039/d5sc09992g,10.5281/zenodo.17902549,https://doi.org/10.1039/d5sc09992g,https://doi.org/10.5281/zenodo.17902549,"Mapping the crystallization landscape of rare earth MOFs: a high-throughput investigation of structure, kinetics, and selectivity",PAIR::nd::mellitic acid,,mellitic acid,,,Aromatic hexacarboxylate,Nd,rare-earth nitrate salt(s); hydration not encoded in campaign key,nitrate,,3,EtOH/H2O (fractions not encoded in campaign key),,Nessuno,0.0,40.0,18.0,,,,,,Automated solvothermal synthesis,Automated vial; exact geometry in source SI,0.397,0.397,0.397,unknown phase,,peer_reviewed_high_throughput_literature,Author-assigned HT-PXRD/CV campaign outcome,direct_machine_readable_campaign_key,v13_source_rare_earth_landscape.csv,SOURCE_VERIFIED_SINGLE_CURATION_PASS,False,"Evidence-only: absolute precursor amounts, ligand:metal ratio, and solvent volume are not encoded in the public campaign key.",,Unknown crystalline phase — review,unknown phase,No class assigned: unknown phase is not equivalent to failure or amorphous product,True,False,,Author-assigned unknown phase; retained outside negative labels.
V13-REHT-1057,MG2-88-77,10.1039/d5sc09992g,10.5281/zenodo.17902549,https://doi.org/10.1039/d5sc09992g,https://doi.org/10.5281/zenodo.17902549,"Mapping the crystallization landscape of rare earth MOFs: a high-throughput investigation of structure, kinetics, and selectivity",PAIR::nd::mellitic acid,,mellitic acid,,,Aromatic hexacarboxylate,Nd,rare-earth nitrate salt(s); hydration not encoded in campaign key,nitrate,,3,EtOH/H2O (fractions not encoded in campaign key),,Acido acetico,5.0,40.0,18.0,,,,,,Automated solvothermal synthesis,Automated vial; exact geometry in source SI,0.487,0.487,0.487,unknown phase,,peer_reviewed_high_throughput_literature,Author-assigned HT-PXRD/CV campaign outcome,direct_machine_readable_campaign_key,v13_source_rare_earth_landscape.csv,SOURCE_VERIFIED_SINGLE_CURATION_PASS,False,"Evidence-only: absolute precursor amounts, ligand:metal ratio, and solvent volume are not encoded in the public campaign key.",,Unknown crystalline phase — review,unknown phase,No class assigned: unknown phase is not equivalent to failure or amorphous product,True,False,,Author-assigned unknown phase; retained outside negative labels.
V13-REHT-1064,MG2-88-84,10.1039/d5sc09992g,10.5281/zenodo.17902549,https://doi.org/10.1039/d5sc09992g,https://doi.org/10.5281/zenodo.17902549,"Mapping the crystallization landscape of rare earth MOFs: a high-throughput investigation of structure, kinetics, and selectivity",PAIR::nd::mellitic acid,,mellitic acid,,,Aromatic hexacarboxylate,Nd,rare-earth nitrate salt(s); hydration not encoded in campaign key,nitrate,,3,EtOH/H2O (fractions not encoded in campaign key),,Acido acetico,10.0,40.0,18.0,,,,,,Automated solvothermal synthesis,Automated vial; exact geometry in source SI,,0.532,0.532,unknown phase,,peer_reviewed_high_throughput_literature,Author-assigned HT-PXRD/CV campaign outcome,direct_machine_readable_campaign_key,v13_source_rare_earth_landscape.csv,SOURCE_VERIFIED_SINGLE_CURATION_PASS,False,"Evidence-only: absolute precursor amounts, ligand:metal ratio, and solvent volume are not encoded in the public campaign key.",,Unknown crystalline phase — review,unknown phase,No class assigned: unknown phase is not equivalent to failure or amorphous product,True,False,,Author-assigned unknown phase; retained outside negative labels.
V13-REHT-1120,MG2-89-56,10.1039/d5sc09992g,10.5281/zenodo.17902549,https://doi.org/10.1039/d5sc09992g,https://doi.org/10.5281/zenodo.17902549,"Mapping the crystallization landscape of rare earth MOFs: a high-throughput investigation of structure, kinetics, and selectivity",PAIR::eu::mellitic acid,,mellitic acid,,,Aromatic hexacarboxylate,Eu,rare-earth nitrate salt(s); hydration not encoded in campaign key,nitrate,,3,EtOH/H2O (fractions not encoded in campaign key),,Acido acetico,10.0,40.0,18.0,,,,,,Automated solvothermal synthesis,Automated vial; exact geometry in source SI,0.352,0.352,0.352,unknown phase,,peer_reviewed_high_throughput_literature,Author-assigned HT-PXRD/CV campaign outcome,direct_machine_readable_campaign_key,v13_source_rare_earth_landscape.csv,SOURCE_VERIFIED_SINGLE_CURATION_PASS,False,"Evidence-only: absolute precursor amounts, ligand:metal ratio, and solvent volume are not encoded in the public campaign key.",,Unknown crystalline phase — review,unknown phase,No class assigned: unknown phase is not equivalent to failure or amorphous product,True,False,,Author-assigned unknown phase; retained outside negative labels.
V13-REHT-1154,MG2-90-06,10.1039/d5sc09992g,10.5281/zenodo.17902549,https://doi.org/10.1039/d5sc09992g,https://doi.org/10.5281/zenodo.17902549,"Mapping the crystallization landscape of rare earth MOFs: a high-throughput investigation of structure, kinetics, and selectivity",PAIR::tb::pyromellitic acid,,pyromellitic acid,,,Aromatic tetracarboxylate,Tb,rare-earth nitrate salt(s); hydration not encoded in campaign key,nitrate,,3,EtOH/H2O (fractions not encoded in campaign key),,Nessuno,0.0,40.0,18.0,,,,,,Automated solvothermal synthesis,Automated vial; exact geometry in source SI,,,,unknown phase,,peer_reviewed_high_throughput_literature,Author-assigned HT-PXRD/CV campaign outcome,direct_machine_readable_campaign_key,v13_source_rare_earth_landscape.csv,SOURCE_VERIFIED_SINGLE_CURATION_PASS,False,"Evidence-only: absolute precursor amounts, ligand:metal ratio, and solvent volume are not encoded in the public campaign key.",,Unknown crystalline phase — review,unknown phase,No class assigned: unknown phase is not equivalent to failure or amorphous product,True,False,,Author-assigned unknown phase; retained outside negative labels.
V13-REHT-1182,MG2-90-34,10.1039/d5sc09992g,10.5281/zenodo.17902549,https://doi.org/10.1039/d5sc09992g,https://doi.org/10.5281/zenodo.17902549,"Mapping the crystallization landscape of rare earth MOFs: a high-throughput investigation of structure, kinetics, and selectivity",PAIR::dy::pyromellitic acid,,pyromellitic acid,,,Aromatic tetracarboxylate,Dy,rare-earth nitrate salt(s); hydration not encoded in campaign key,nitrate,,3,EtOH/H2O (fractions not encoded in campaign key),,Nessuno,0.0,40.0,18.0,,,,,,Automated solvothermal synthesis,Automated vial; exact geometry in source SI,,,,unknown phase,,peer_reviewed_high_throughput_literature,Author-assigned HT-PXRD/CV campaign outcome,direct_machine_readable_campaign_key,v13_source_rare_earth_landscape.csv,SOURCE_VERIFIED_SINGLE_CURATION_PASS,False,"Evidence-only: absolute precursor amounts, ligand:metal ratio, and solvent volume are not encoded in the public campaign key.",,Unknown crystalline phase — review,unknown phase,No class assigned: unknown phase is not equivalent to failure or amorphous product,True,False,,Author-assigned unknown phase; retained outside negative labels.
V13-REHT-1189,MG2-90-41,10.1039/d5sc09992g,10.5281/zenodo.17902549,https://doi.org/10.1039/d5sc09992g,https://doi.org/10.5281/zenodo.17902549,"Mapping the crystallization landscape of rare earth MOFs: a high-throughput investigation of structure, kinetics, and selectivity",PAIR::dy::pyromellitic acid,,pyromellitic acid,,,Aromatic tetracarboxylate,Dy,rare-earth nitrate salt(s); hydration not encoded in campaign key,nitrate,,3,EtOH/H2O (fractions not encoded in campaign key),,Acido acetico,2.0,40.0,18.0,,,,,,Automated solvothermal synthesis,Automated vial; exact geometry in source SI,,,,unknown phase,,peer_reviewed_high_throughput_literature,Author-assigned HT-PXRD/CV campaign outcome,direct_machine_readable_campaign_key,v13_source_rare_earth_landscape.csv,SOURCE_VERIFIED_SINGLE_CURATION_PASS,False,"Evidence-only: absolute precursor amounts, ligand:metal ratio, and solvent volume are not encoded in the public campaign key.",,Unknown crystalline phase — review,unknown phase,No class assigned: unknown phase is not equivalent to failure or amorphous product,True,False,,Author-assigned unknown phase; retained outside negative labels.
V13-REHT-1232,MG2-90-84,10.1039/d5sc09992g,10.5281/zenodo.17902549,https://doi.org/10.1039/d5sc09992g,https://doi.org/10.5281/zenodo.17902549,"Mapping the crystallization landscape of rare earth MOFs: a high-throughput investigation of structure, kinetics, and selectivity",PAIR::ho::mellitic acid,,mellitic acid,,,Aromatic hexacarboxylate,Ho,rare-earth nitrate salt(s); hydration not encoded in campaign key,nitrate,,3,EtOH/H2O (fractions not encoded in campaign key),,Acido acetico,10.0,40.0,18.0,,,,,,Automated solvothermal synthesis,Automated vial; exact geometry in source SI,0.529,0.529,0.529,unknown phase,,peer_reviewed_high_throughput_literature,Author-assigned HT-PXRD/CV campaign outcome,direct_machine_readable_campaign_key,v13_source_rare_earth_landscape.csv,SOURCE_VERIFIED_SINGLE_CURATION_PASS,False,"Evidence-only: absolute precursor amounts, ligand:metal ratio, and solvent volume are not encoded in the public campaign key.",,Unknown crystalline phase — review,unknown phase,No class assigned: unknown phase is not equivalent to failure or amorphous product,True,False,,Author-assigned unknown phase; retained outside negative labels.
V13-REHT-1236,MG2-91-04,10.1039/d5sc09992g,10.5281/zenodo.17902549,https://doi.org/10.1039/d5sc09992g,https://doi.org/10.5281/zenodo.17902549,"Mapping the crystallization landscape of rare earth MOFs: a high-throughput investigation of structure, kinetics, and selectivity","PAIR::er::benzene-1,3,5-tricarboxylic acid (h3btc)",,"benzene-1,3,5-tricarboxylic acid (H3BTC)",,,Aromatic tricarboxylate,Er,rare-earth nitrate salt(s); hydration not encoded in campaign key,nitrate,,3,EtOH/H2O (fractions not encoded in campaign key),,Nessuno,0.0,40.0,18.0,,,,,,Automated solvothermal synthesis,Automated vial; exact geometry in source SI,,,,unknown phase,,peer_reviewed_high_throughput_literature,Author-assigned HT-PXRD/CV campaign outcome,direct_machine_readable_campaign_key,v13_source_rare_earth_landscape.csv,SOURCE_VERIFIED_SINGLE_CURATION_PASS,False,"Evidence-only: absolute precursor amounts, ligand:metal ratio, and solvent volume are not encoded in the public campaign key.",,Unknown crystalline phase — review,unknown phase,No class assigned: unknown phase is not equivalent to failure or amorphous product,True,False,,Author-assigned unknown phase; retained outside negative labels.
V13-REHT-1239,MG2-91-07,10.1039/d5sc09992g,10.5281/zenodo.17902549,https://doi.org/10.1039/d5sc09992g,https://doi.org/10.5281/zenodo.17902549,"Mapping the crystallization landscape of rare earth MOFs: a high-throughput investigation of structure, kinetics, and selectivity",PAIR::er::mellitic acid,,mellitic acid,,,Aromatic hexacarboxylate,Er,rare-earth nitrate salt(s); hydration not encoded in campaign key,nitrate,,3,EtOH/H2O (fractions not encoded in campaign key),,Nessuno,0.0,40.0,18.0,,,,,,Automated solvothermal synthesis,Automated vial; exact geometry in source SI,0.038,0.038,0.038,unknown phase,,peer_reviewed_high_throughput_literature,Author-assigned HT-PXRD/CV campaign outcome,direct_machine_readable_campaign_key,v13_source_rare_earth_landscape.csv,SOURCE_VERIFIED_SINGLE_CURATION_PASS,False,"Evidence-only: absolute precursor amounts, ligand:metal ratio, and solvent volume are not encoded in the public campaign key.",,Unknown crystalline phase — review,unknown phase,No class assigned: unknown phase is not equivalent to failure or amorphous product,True,False,,Author-assigned unknown phase; retained outside negative labels.
V13-REHT-1246,MG2-91-14,10.1039/d5sc09992g,10.5281/zenodo.17902549,https://doi.org/10.1039/d5sc09992g,https://doi.org/10.5281/zenodo.17902549,"Mapping the crystallization landscape of rare earth MOFs: a high-throughput investigation of structure, kinetics, and selectivity",PAIR::er::mellitic acid,,mellitic acid,,,Aromatic hexacarboxylate,Er,rare-earth nitrate salt(s); hydration not encoded in campaign key,nitrate,,3,EtOH/H2O (fractions not encoded in campaign key),,Acido acetico,2.0,40.0,18.0,,,,,,Automated solvothermal synthesis,Automated vial; exact geometry in source SI,0.084,0.084,0.084,unknown phase,,peer_reviewed_high_throughput_literature,Author-assigned HT-PXRD/CV campaign outcome,direct_machine_readable_campaign_key,v13_source_rare_earth_landscape.csv,SOURCE_VERIFIED_SINGLE_CURATION_PASS,False,"Evidence-only: absolute precursor amounts, ligand:metal ratio, and solvent volume are not encoded in the public campaign key.",,Unknown crystalline phase — review,unknown phase,No class assigned: unknown phase is not equivalent to failure or amorphous product,True,False,,Author-assigned unknown phase; retained outside negative labels.
V13-REHT-1253,MG2-91-21,10.1039/d5sc09992g,10.5281/zenodo.17902549,https://doi.org/10.1039/d5sc09992g,https://doi.org/10.5281/zenodo.17902549,"Mapping the crystallization landscape of rare earth MOFs: a high-throughput investigation of structure, kinetics, and selectivity",PAIR::er::mellitic acid,,mellitic acid,,,Aromatic hexacarboxylate,Er,rare-earth nitrate salt(s); hydration not encoded in campaign key,nitrate,,3,EtOH/H2O (fractions not encoded in campaign key),,Acido acetico,5.0,40.0,18.0,,,,,,Automated solvothermal synthesis,Automated vial; exact geometry in source SI,0.128,0.128,0.128,unknown phase,,peer_reviewed_high_throughput_literature,Author-assigned HT-PXRD/CV campaign outcome,direct_machine_readable_campaign_key,v13_source_rare_earth_landscape.csv,SOURCE_VERIFIED_SINGLE_CURATION_PASS,False,"Evidence-only: absolute precursor amounts, ligand:metal ratio, and solvent volume are not encoded in the public campaign key.",,Unknown crystalline phase — review,unknown phase,No class assigned: unknown phase is not equivalent to failure or amorphous product,True,False,,Author-assigned unknown phase; retained outside negative labels.
V13-REHT-1260,MG2-91-28,10.1039/d5sc09992g,10.5281/zenodo.17902549,https://doi.org/10.1039/d5sc09992g,https://doi.org/10.5281/zenodo.17902549,"Mapping the crystallization landscape of rare earth MOFs: a high-throughput investigation of structure, kinetics, and selectivity",PAIR::er::mellitic acid,,mellitic acid,,,Aromatic hexacarboxylate,Er,rare-earth nitrate salt(s); hydration not encoded in campaign key,nitrate,,3,EtOH/H2O (fractions not encoded in campaign key),,Acido acetico,10.0,40.0,18.0,,,,,,Automated solvothermal synthesis,Automated vial; exact geometry in source SI,0.171,0.171,0.171,unknown phase,,peer_reviewed_high_throughput_literature,Author-assigned HT-PXRD/CV campaign outcome,direct_machine_readable_campaign_key,v13_source_rare_earth_landscape.csv,SOURCE_VERIFIED_SINGLE_CURATION_PASS,False,"Evidence-only: absolute precursor amounts, ligand:metal ratio, and solvent volume are not encoded in the public campaign key.",,Unknown crystalline phase — review,unknown phase,No class assigned: unknown phase is not equivalent to failure or amorphous product,True,False,,Author-assigned unknown phase; retained outside negative labels.
V13-REHT-1274,MG2-91-42,10.1039/d5sc09992g,10.5281/zenodo.17902549,https://doi.org/10.1039/d5sc09992g,https://doi.org/10.5281/zenodo.17902549,"Mapping the crystallization landscape of rare earth MOFs: a high-throughput investigation of structure, kinetics, and selectivity",PAIR::tm::mellitic acid,,mellitic acid,,,Aromatic hexacarboxylate,Tm,rare-earth nitrate salt(s); hydration not encoded in campaign key,nitrate,,3,EtOH/H2O (fractions not encoded in campaign key),,Acido acetico,2.0,40.0,18.0,,,,,,Automated solvothermal synthesis,Automated vial; exact geometry in source SI,0.261,0.261,0.261,unknown phase,,peer_reviewed_high_throughput_literature,Author-assigned HT-PXRD/CV campaign outcome,direct_machine_readable_campaign_key,v13_source_rare_earth_landscape.csv,SOURCE_VERIFIED_SINGLE_CURATION_PASS,False,"Evidence-only: absolute precursor amounts, ligand:metal ratio, and solvent volume are not encoded in the public campaign key.",,Unknown crystalline phase — review,unknown phase,No class assigned: unknown phase is not equivalent to failure or amorphous product,True,False,,Author-assigned unknown phase; retained outside negative labels.
V13-REHT-1281,MG2-91-49,10.1039/d5sc09992g,10.5281/zenodo.17902549,https://doi.org/10.1039/d5sc09992g,https://doi.org/10.5281/zenodo.17902549,"Mapping the crystallization landscape of rare earth MOFs: a high-throughput investigation of structure, kinetics, and selectivity",PAIR::tm::mellitic acid,,mellitic acid,,,Aromatic hexacarboxylate,Tm,rare-earth nitrate salt(s); hydration not encoded in campaign key,nitrate,,3,EtOH/H2O (fractions not encoded in campaign key),,Acido acetico,5.0,40.0,18.0,,,,,,Automated solvothermal synthesis,Automated vial; exact geometry in source SI,0.305,0.305,0.305,unknown phase,,peer_reviewed_high_throughput_literature,Author-assigned HT-PXRD/CV campaign outcome,direct_machine_readable_campaign_key,v13_source_rare_earth_landscape.csv,SOURCE_VERIFIED_SINGLE_CURATION_PASS,False,"Evidence-only: absolute precursor amounts, ligand:metal ratio, and solvent volume are not encoded in the public campaign key.",,Unknown crystalline phase — review,unknown phase,No class assigned: unknown phase is not equivalent to failure or amorphous product,True,False,,Author-assigned unknown phase; retained outside negative labels.
V13-REHT-1302,MG2-91-70,10.1039/d5sc09992g,10.5281/zenodo.17902549,https://doi.org/10.1039/d5sc09992g,https://doi.org/10.5281/zenodo.17902549,"Mapping the crystallization landscape of rare earth MOFs: a high-throughput investigation of structure, kinetics, and selectivity",PAIR::yb::mellitic acid,,mellitic acid,,,Aromatic hexacarboxylate,Yb,rare-earth nitrate salt(s); hydration not encoded in campaign key,nitrate,,3,EtOH/H2O (fractions not encoded in campaign key),,Acido acetico,2.0,40.0,18.0,,,,,,Automated solvothermal synthesis,Automated vial; exact geometry in source SI,0.439,0.439,0.439,unknown phase,,peer_reviewed_high_throughput_literature,Author-assigned HT-PXRD/CV campaign outcome,direct_machine_readable_campaign_key,v13_source_rare_earth_landscape.csv,SOURCE_VERIFIED_SINGLE_CURATION_PASS,False,"Evidence-only: absolute precursor amounts, ligand:metal ratio, and solvent volume are not encoded in the public campaign key.",,Unknown crystalline phase — review,unknown phase,No class assigned: unknown phase is not equivalent to failure or amorphous product,True,False,,Author-assigned unknown phase; retained outside negative labels.
V13-REHT-1309,MG2-91-77,10.1039/d5sc09992g,10.5281/zenodo.17902549,https://doi.org/10.1039/d5sc09992g,https://doi.org/10.5281/zenodo.17902549,"Mapping the crystallization landscape of rare earth MOFs: a high-throughput investigation of structure, kinetics, and selectivity",PAIR::yb::mellitic acid,,mellitic acid,,,Aromatic hexacarboxylate,Yb,rare-earth nitrate salt(s); hydration not encoded in campaign key,nitrate,,3,EtOH/H2O (fractions not encoded in campaign key),,Acido acetico,5.0,40.0,18.0,,,,,,Automated solvothermal synthesis,Automated vial; exact geometry in source SI,0.483,0.483,0.483,unknown phase,,peer_reviewed_high_throughput_literature,Author-assigned HT-PXRD/CV campaign outcome,direct_machine_readable_campaign_key,v13_source_rare_earth_landscape.csv,SOURCE_VERIFIED_SINGLE_CURATION_PASS,False,"Evidence-only: absolute precursor amounts, ligand:metal ratio, and solvent volume are not encoded in the public campaign key.",,Unknown crystalline phase — review,unknown phase,No class assigned: unknown phase is not equivalent to failure or amorphous product,True,False,,Author-assigned unknown phase; retained outside negative labels.
V13-REHT-1315,MG2-91-83,10.1039/d5sc09992g,10.5281/zenodo.17902549,https://doi.org/10.1039/d5sc09992g,https://doi.org/10.5281/zenodo.17902549,"Mapping the crystallization landscape of rare earth MOFs: a high-throughput investigation of structure, kinetics, and selectivity",PAIR::yb::pyromellitic acid,,pyromellitic acid,,,Aromatic tetracarboxylate,Yb,rare-earth nitrate salt(s); hydration not encoded in campaign key,nitrate,,3,EtOH/H2O (fractions not encoded in campaign key),,Acido acetico,10.0,40.0,18.0,,,,,,Automated solvothermal synthesis,Automated vial; exact geometry in source SI,,,,unknown phase,,peer_reviewed_high_throughput_literature,Author-assigned HT-PXRD/CV campaign outcome,direct_machine_readable_campaign_key,v13_source_rare_earth_landscape.csv,SOURCE_VERIFIED_SINGLE_CURATION_PASS,False,"Evidence-only: absolute precursor amounts, ligand:metal ratio, and solvent volume are not encoded in the public campaign key.",,Unknown crystalline phase — review,unknown phase,No class assigned: unknown phase is not equivalent to failure or amorphous product,True,False,,Author-assigned unknown phase; retained outside negative labels.
V13-REHT-1316,MG2-91-84,10.1039/d5sc09992g,10.5281/zenodo.17902549,https://doi.org/10.1039/d5sc09992g,https://doi.org/10.5281/zenodo.17902549,"Mapping the crystallization landscape of rare earth MOFs: a high-throughput investigation of structure, kinetics, and selectivity",PAIR::yb::mellitic acid,,mellitic acid,,,Aromatic hexacarboxylate,Yb,rare-earth nitrate salt(s); hydration not encoded in campaign key,nitrate,,3,EtOH/H2O (fractions not encoded in campaign key),,Acido acetico,10.0,40.0,18.0,,,,,,Automated solvothermal synthesis,Automated vial; exact geometry in source SI,0.527,0.527,0.527,unknown phase,,peer_reviewed_high_throughput_literature,Author-assigned HT-PXRD/CV campaign outcome,direct_machine_readable_campaign_key,v13_source_rare_earth_landscape.csv,SOURCE_VERIFIED_SINGLE_CURATION_PASS,False,"Evidence-only: absolute precursor amounts, ligand:metal ratio, and solvent volume are not encoded in the public campaign key.",,Unknown crystalline phase — review,unknown phase,No class assigned: unknown phase is not equivalent to failure or amorphous product,True,False,,Author-assigned unknown phase; retained outside negative labels.
V13-REHT-1323,MG2-92-07,10.1039/d5sc09992g,10.5281/zenodo.17902549,https://doi.org/10.1039/d5sc09992g,https://doi.org/10.5281/zenodo.17902549,"Mapping the crystallization landscape of rare earth MOFs: a high-throughput investigation of structure, kinetics, and selectivity",PAIR::lu::mellitic acid,,mellitic acid,,,Aromatic hexacarboxylate,Lu,rare-earth nitrate salt(s); hydration not encoded in campaign key,nitrate,,3,EtOH/H2O (fractions not encoded in campaign key),,Nessuno,0.0,40.0,18.0,,,,,,Automated solvothermal synthesis,Automated vial; exact geometry in source SI,0.038,0.038,0.038,unknown phase,,peer_reviewed_high_throughput_literature,Author-assigned HT-PXRD/CV campaign outcome,direct_machine_readable_campaign_key,v13_source_rare_earth_landscape.csv,SOURCE_VERIFIED_SINGLE_CURATION_PASS,False,"Evidence-only: absolute precursor amounts, ligand:metal ratio, and solvent volume are not encoded in the public campaign key.",,Unknown crystalline phase — review,unknown phase,No class assigned: unknown phase is not equivalent to failure or amorphous product,True,False,,Author-assigned unknown phase; retained outside negative labels.
V13-REHT-1330,MG2-92-14,10.1039/d5sc09992g,10.5281/zenodo.17902549,https://doi.org/10.1039/d5sc09992g,https://doi.org/10.5281/zenodo.17902549,"Mapping the crystallization landscape of rare earth MOFs: a high-throughput investigation of structure, kinetics, and selectivity",PAIR::lu::mellitic acid,,mellitic acid,,,Aromatic hexacarboxylate,Lu,rare-earth nitrate salt(s); hydration not encoded in campaign key,nitrate,,3,EtOH/H2O (fractions not encoded in campaign key),,Acido acetico,2.0,40.0,18.0,,,,,,Automated solvothermal synthesis,Automated vial; exact geometry in source SI,0.082,0.082,0.082,unknown phase,,peer_reviewed_high_throughput_literature,Author-assigned HT-PXRD/CV campaign outcome,direct_machine_readable_campaign_key,v13_source_rare_earth_landscape.csv,SOURCE_VERIFIED_SINGLE_CURATION_PASS,False,"Evidence-only: absolute precursor amounts, ligand:metal ratio, and solvent volume are not encoded in the public campaign key.",,Unknown crystalline phase — review,unknown phase,No class assigned: unknown phase is not equivalent to failure or amorphous product,True,False,,Author-assigned unknown phase; retained outside negative labels.
V13-REHT-1337,MG2-92-21,10.1039/d5sc09992g,10.5281/zenodo.17902549,https://doi.org/10.1039/d5sc09992g,https://doi.org/10.5281/zenodo.17902549,"Mapping the crystallization landscape of rare earth MOFs: a high-throughput investigation of structure, kinetics, and selectivity",PAIR::lu::mellitic acid,,mellitic acid,,,Aromatic hexacarboxylate,Lu,rare-earth nitrate salt(s); hydration not encoded in campaign key,nitrate,,3,EtOH/H2O (fractions not encoded in campaign key),,Acido acetico,5.0,40.0,18.0,,,,,,Automated solvothermal synthesis,Automated vial; exact geometry in source SI,0.127,0.127,0.127,unknown phase,,peer_reviewed_high_throughput_literature,Author-assigned HT-PXRD/CV campaign outcome,direct_machine_readable_campaign_key,v13_source_rare_earth_landscape.csv,SOURCE_VERIFIED_SINGLE_CURATION_PASS,False,"Evidence-only: absolute precursor amounts, ligand:metal ratio, and solvent volume are not encoded in the public campaign key.",,Unknown crystalline phase — review,unknown phase,No class assigned: unknown phase is not equivalent to failure or amorphous product,True,False,,Author-assigned unknown phase; retained outside negative labels.
V13-REHT-1344,MG2-92-28,10.1039/d5sc09992g,10.5281/zenodo.17902549,https://doi.org/10.1039/d5sc09992g,https://doi.org/10.5281/zenodo.17902549,"Mapping the crystallization landscape of rare earth MOFs: a high-throughput investigation of structure, kinetics, and selectivity",PAIR::lu::mellitic acid,,mellitic acid,,,Aromatic hexacarboxylate,Lu,rare-earth nitrate salt(s); hydration not encoded in campaign key,nitrate,,3,EtOH/H2O (fractions not encoded in campaign key),,Acido acetico,10.0,40.0,18.0,,,,,,Automated solvothermal synthesis,Automated vial; exact geometry in source SI,0.171,0.171,0.171,unknown phase,,peer_reviewed_high_throughput_literature,Author-assigned HT-PXRD/CV campaign outcome,direct_machine_readable_campaign_key,v13_source_rare_earth_landscape.csv,SOURCE_VERIFIED_SINGLE_CURATION_PASS,False,"Evidence-only: absolute precursor amounts, ligand:metal ratio, and solvent volume are not encoded in the public campaign key.",,Unknown crystalline phase — review,unknown phase,No class assigned: unknown phase is not equivalent to failure or amorphous product,True,False,,Author-assigned unknown phase; retained outside negative labels.
V13-REHT-1363,MG2-101-03,10.1039/d5sc09992g,10.5281/zenodo.17902549,https://doi.org/10.1039/d5sc09992g,https://doi.org/10.5281/zenodo.17902549,"Mapping the crystallization landscape of rare earth MOFs: a high-throughput investigation of structure, kinetics, and selectivity",PAIR::la+lu::pyromellitic acid,,pyromellitic acid,,,Aromatic tetracarboxylate,La+Lu,rare-earth nitrate salt(s); hydration not encoded in campaign key,nitrate,,3,EtOH/H2O (fractions not encoded in campaign key),,Nessuno,0.0,60.0,1.0,,,,,,Automated solvothermal synthesis,Automated vial; exact geometry in source SI,0.511,0.511,0.511,unknown phase,RIVSOH,peer_reviewed_high_throughput_literature,Author-assigned HT-PXRD/CV campaign outcome,direct_machine_readable_campaign_key,v13_source_rare_earth_landscape.csv,SOURCE_VERIFIED_SINGLE_CURATION_PASS,False,"Evidence-only: absolute precursor amounts, ligand:metal ratio, and solvent volume are not encoded in the public campaign key.",,Unknown crystalline phase — review,unknown phase,No class assigned: unknown phase is not equivalent to failure or amorphous product,True,False,,Author-assigned unknown phase; retained outside negative labels.
V13-REHT-1367,MG2-101-07,10.1039/d5sc09992g,10.5281/zenodo.17902549,https://doi.org/10.1039/d5sc09992g,https://doi.org/10.5281/zenodo.17902549,"Mapping the crystallization landscape of rare earth MOFs: a high-throughput investigation of structure, kinetics, and selectivity",PAIR::la+lu::pyromellitic acid,,pyromellitic acid,,,Aromatic tetracarboxylate,La+Lu,rare-earth nitrate salt(s); hydration not encoded in campaign key,nitrate,,3,EtOH/H2O (fractions not encoded in campaign key),,Acido acetico,2.0,60.0,1.0,,,,,,Automated solvothermal synthesis,Automated vial; exact geometry in source SI,0.204,0.536,0.204,unknown phase,,peer_reviewed_high_throughput_literature,Author-assigned HT-PXRD/CV campaign outcome,direct_machine_readable_campaign_key,v13_source_rare_earth_landscape.csv,SOURCE_VERIFIED_SINGLE_CURATION_PASS,False,"Evidence-only: absolute precursor amounts, ligand:metal ratio, and solvent volume are not encoded in the public campaign key.",,Unknown crystalline phase — review,unknown phase,No class assigned: unknown phase is not equivalent to failure or amorphous product,True,False,,Author-assigned unknown phase; retained outside negative labels.
V13-REHT-1383,MG2-102-07,10.1039/d5sc09992g,10.5281/zenodo.17902549,https://doi.org/10.1039/d5sc09992g,https://doi.org/10.5281/zenodo.17902549,"Mapping the crystallization landscape of rare earth MOFs: a high-throughput investigation of structure, kinetics, and selectivity",PAIR::la+lu::pyromellitic acid,,pyromellitic acid,,,Aromatic tetracarboxylate,La+Lu,rare-earth nitrate salt(s); hydration not encoded in campaign key,nitrate,,3,EtOH/H2O (fractions not encoded in campaign key),,Acido acetico,2.0,40.0,1.0,,,,,,Automated solvothermal synthesis,Automated vial; exact geometry in source SI,0.205,0.372,0.205,unknown phase,,peer_reviewed_high_throughput_literature,Author-assigned HT-PXRD/CV campaign outcome,direct_machine_readable_campaign_key,v13_source_rare_earth_landscape.csv,SOURCE_VERIFIED_SINGLE_CURATION_PASS,False,"Evidence-only: absolute precursor amounts, ligand:metal ratio, and solvent volume are not encoded in the public campaign key.",,Unknown crystalline phase — review,unknown phase,No class assigned: unknown phase is not equivalent to failure or amorphous product,True,False,,Author-assigned unknown phase; retained outside negative labels.
